grid_id,lat,lon,n_campus,n_school,n_market,n_place_of_worship,n_park,n_residential,dominant_zone
898d85d0c6fffff,-8.01718545297028,112.66051948878572,0,0,0,0,0,1,residential_area
898d85d0e33ffff,-8.007544314694623,112.66633477982977,0,0,0,1,0,1,residential_area
898d85d52bbffff,-7.995517124228444,112.60022192465823,0,1,0,8,0,9,residential_area
898d85d0aabffff,-7.995339325500864,112.65413789629466,0,2,0,8,0,0,worship_area
898d85d5643ffff,-7.997198671564138,112.6212245665768,0,5,1,6,0,2,school_area
898d85c22afffff,-7.947285905776812,112.6293095453253,2,5,0,2,0,4,residential_area
898d85c04cfffff,-7.926568582745465,112.62793665322572,0,2,0,1,0,5,residential_area
898d85c2473ffff,-7.9723354420684815,112.64274229113957,0,1,1,5,2,0,public_area
898d85c2637ffff,-7.959503108171615,112.64151259718372,4,10,0,9,2,0,campus_area
898d85d0ab7ffff,-8.00117784545234,112.65224648002621,0,0,0,4,0,0,worship_area
898d85d52c7ffff,-7.990827615810559,112.60712808698739,0,2,0,7,0,8,residential_area
898d85d726bffff,-8.028690231983717,112.62179452125483,0,1,0,1,0,1,residential_area
898d85d564fffff,-7.995163698751313,112.61919058330056,0,7,1,7,0,0,school_area
898d85c30b7ffff,-7.925604069063213,112.65787611506563,0,2,0,2,0,3,residential_area
898d85c22bbffff,-7.948437810691971,112.63432338116746,2,5,0,5,0,1,campus_area
898d85c262bffff,-7.953661914395384,112.64340428250505,1,1,0,8,1,0,worship_area
898d85c04dbffff,-7.927721337572489,112.6329509123037,0,3,0,0,0,1,school_area
898d85c2643ffff,-7.950123488447394,112.6553215305545,0,1,0,2,0,2,residential_area
898d85d0ac3ffff,-7.991799860600073,112.66605226300885,0,2,0,0,0,0,school_area
898d85d52d3ffff,-7.991978188452565,112.61214246007575,0,2,0,10,0,2,worship_area
898d85d0c87ffff,-8.034073634631213,112.66581290232646,0,1,0,1,0,0,school_area
898d85c2467ffff,-7.971184641682034,112.6377293329882,0,8,1,6,3,0,school_area
898d85c2103ffff,-7.969233896254561,112.60873388646048,4,7,0,10,2,3,campus_area
898d85d0e4bffff,-7.996132771024177,112.67810633675005,0,0,0,0,0,1,residential_area
898d85d565bffff,-7.996313879895693,112.624204197735,0,3,1,6,1,2,school_area
898d85c04c3ffff,-7.928605767458363,112.62997085245749,0,2,0,2,0,1,school_area
898d85c22c7ffff,-7.943747759977888,112.64122866127691,0,6,1,7,1,2,school_area
898d85c248bffff,-7.981361145984341,112.64789672161264,0,0,0,8,0,0,worship_area
898d85c264fffff,-7.948087437029938,112.65328819488512,0,2,0,4,0,0,school_area
898d85d090bffff,-8.015244633233346,112.63153562700974,0,0,0,2,0,0,worship_area
898d85c22a3ffff,-7.949322360059662,112.63134356570156,2,5,0,2,0,3,campus_area
898d85d0acfffff,-7.989765405478278,112.66401951310908,0,2,0,0,0,0,school_area
898d85d5637ffff,-8.006577206415036,112.60741386603611,0,3,0,1,0,10,residential_area
898d85d0e27ffff,-8.006395346134047,112.66132375320103,0,0,0,1,1,0,public_area
898d85c210fffff,-7.967197769858737,112.60669936069984,4,8,0,7,1,3,campus_area
898d85d5667ffff,-7.997818009853347,112.61025099579949,0,3,0,5,0,5,residential_area
898d85c22d3ffff,-7.9448995902915,112.64624187700771,0,0,0,3,1,0,worship_area
898d85c2497ffff,-7.9872006331118826,112.64600521333792,0,8,0,11,0,0,school_area
898d85c265bffff,-7.949238876275442,112.65830065090506,0,1,0,2,0,2,residential_area
898d85d0917ffff,-8.021082606372307,112.62964432112467,0,0,0,1,0,2,residential_area
898d85d0adbffff,-7.990914988437229,112.66903066296436,0,2,0,0,0,0,school_area
898d85d7253ffff,-8.033906257122522,112.63087442411079,0,1,0,2,0,3,residential_area
898d85c211bffff,-7.968349291047534,112.61171415186371,3,10,0,11,2,0,school_area
898d85d52afffff,-7.994366476250271,112.59520693256391,0,0,0,0,0,1,residential_area
898d85d5673ffff,-7.998968247484616,112.61526507474822,0,7,0,8,0,0,school_area
898d85c24a3ffff,-7.9840154391789016,112.63895918984942,0,4,0,15,0,3,worship_area
898d85c2667ffff,-7.95074121080438,112.64435013847024,0,1,0,7,1,0,worship_area
898d85d0923ffff,-8.017899370951913,112.62259769595978,0,2,0,5,0,4,residential_area
898d85c2127ffff,-7.969851521955371,112.5977578707453,0,0,0,1,0,2,residential_area
898d85d08dbffff,-8.011348071152682,112.66241079884605,0,0,0,0,1,1,residential_area
898d85c050bffff,-7.931606392313995,112.60205789400428,4,3,0,5,0,3,campus_area
898d85c24afffff,-7.9819802924199905,112.63692561959681,0,9,0,16,0,3,school_area
898d85c2673ffff,-7.9518927059860465,112.64936305983292,0,2,0,3,1,0,school_area
898d85d092fffff,-8.015865129379769,112.62056389148259,0,2,0,4,0,3,residential_area
898d85d0cb7ffff,-8.035843842566237,112.6598566957439,0,1,4,4,0,0,commercial_area
898d85c2133ffff,-7.971003099425105,112.60277312625922,0,8,0,9,0,3,school_area
898d85d568bffff,-8.00799210305305,112.62042137418676,1,6,0,5,0,2,school_area
898d85d1907ffff,-7.971982395402065,112.66170391576564,0,5,2,8,0,0,school_area
898d85c245bffff,-7.969681316959635,112.65167984454193,0,1,0,4,1,3,residential_area
898d85c0517ffff,-7.9374499410951955,112.60016604423204,3,0,0,4,0,2,campus_area
898d85c24bbffff,-7.983130677165999,112.64193844371222,0,4,0,11,0,2,worship_area
898d85d093bffff,-8.017014460895139,112.62557708283111,0,0,0,1,0,2,residential_area
898d85c04b7ffff,-7.937986560295677,112.6161580107373,1,4,0,2,0,3,residential_area
898d85c2a07ffff,-7.941603261737385,112.5772625978694,0,1,0,0,0,4,residential_area
898d85c2297ffff,-7.952510381891282,112.63839105101783,0,3,0,11,0,0,worship_area
898d85d54d3ffff,-8.026656347951144,112.61976076699587,0,1,0,1,0,0,school_area
898d85d18a7ffff,-7.9725133491317255,112.67768351119307,0,1,0,1,0,0,school_area
898d85d562bffff,-8.000737813460788,112.60930527699117,0,2,0,3,0,4,residential_area
898d85d5697ffff,-8.013830786165796,112.61853001569122,0,0,0,2,0,3,residential_area
898d85d1913ffff,-7.973132729587449,112.66671549388727,2,2,1,5,0,0,campus_area
898d85c2303ffff,-7.948787393421662,112.61535479900894,3,0,0,10,1,0,campus_area
898d85c20d3ffff,-7.96534401730708,112.63962094734373,2,11,0,7,2,0,school_area
898d85c0523ffff,-7.9342595152753495,112.59311494881884,0,2,0,1,0,1,school_area
898d85c24c7ffff,-7.978441295551949,112.64884248904806,0,0,0,8,0,0,worship_area
898d85c268bffff,-7.960920697738673,112.65451727980899,0,2,0,3,1,6,residential_area
898d85d0c57ffff,-8.022400806948168,112.66959533824688,0,0,0,1,0,0,worship_area
898d85c3117ffff,-7.9250680344881,112.64189063222643,0,1,0,0,0,4,residential_area
898d85d0947ffff,-8.012325539516437,112.63248129326193,0,3,0,5,0,0,school_area
898d85c3427ffff,-7.9308294826102825,112.66695502765879,0,1,0,1,0,0,school_area
898d85d7247ffff,-8.032757695053245,112.62586181584285,0,1,0,1,0,2,residential_area
898d85d0b0bffff,-7.994809478091324,112.63815547708596,0,10,0,12,0,1,school_area
898d85c2a13ffff,-7.942756333720127,112.5822794889081,0,1,0,1,6,3,public_area
898d85d0ccfffff,-8.024434055010929,112.67162770954678,0,0,0,1,0,0,worship_area
898d85d52a3ffff,-7.99640185193048,112.59724159972187,0,0,0,1,0,1,residential_area
898d85d0a93ffff,-8.000557365771908,112.66321513055954,0,0,0,5,0,0,worship_area
898d85c214bffff,-7.959586973355612,112.61455163808313,3,6,1,5,1,0,campus_area
898d85d56a3ffff,-8.01064663694895,112.61148227344742,0,2,0,2,0,2,residential_area
898d85c230fffff,-7.946750670660747,112.61332032239802,3,3,0,12,1,0,campus_area
898d85c24d3ffff,-7.979591605317272,112.65385469299181,0,1,0,8,0,0,worship_area
898d85c2697ffff,-7.966761181713668,112.65262564743446,0,1,0,4,1,8,residential_area
898d85c3123ffff,-7.921878098289906,112.63484280289676,0,0,0,2,0,2,residential_area
898d85d0953ffff,-8.013474795562987,112.6374938650152,0,2,0,2,0,3,residential_area
898d85d08cfffff,-8.010199183030442,112.65739961178255,0,0,0,0,1,1,residential_area
898d85d0b17ffff,-8.000648450680886,112.63626404699278,0,6,1,9,0,2,school_area
898d85c2613ffff,-7.958885003507243,112.65248399429417,0,2,0,4,2,2,residential_area
898d85d72cbffff,-8.035939718105242,112.63290781476502,0,0,0,0,0,4,residential_area
898d85c2157ffff,-7.965428589731898,112.61265997171648,1,4,0,5,1,0,school_area
898d85d56afffff,-8.008611972491558,112.6094481053942,0,2,0,2,0,6,residential_area
898d85d192bffff,-7.967911888557117,112.65763783023685,0,0,0,7,0,1,worship_area
898d85c231bffff,-7.947902886042154,112.61833507744974,1,0,0,10,1,0,worship_area
898d85c053bffff,-7.933375143283303,112.59609600698522,2,0,0,0,0,0,campus_area
898d85c2edbffff,-7.954362086072345,112.60546763898392,2,2,0,7,0,11,residential_area
898d85c26a3ffff,-7.96357469644283,112.64557971023144,0,3,0,8,1,2,worship_area
898d85c244fffff,-7.968530572718013,112.64666735153762,0,1,1,8,1,2,worship_area
898d85d0b23ffff,-7.9974639242505985,112.62921750759243,0,3,0,2,0,0,school_area
898d85c2a2bffff,-7.937528032398413,112.57319132174477,0,1,0,0,0,6,residential_area
898d85c04abffff,-7.932143464401323,112.61804984739759,0,3,0,6,1,3,residential_area
898d85c34b7ffff,-7.9398591810618315,112.67210811811486,0,0,0,0,0,1,residential_area
898d85c2163ffff,-7.96224065624293,112.60561059563534,3,7,1,6,1,1,campus_area
898d85d0eabffff,-8.009578123730567,112.66836734396314,0,0,0,0,0,1,residential_area
898d85d56bbffff,-8.009761794833407,112.61446205017145,0,2,0,1,0,1,school_area
898d85c228bffff,-7.94666870506098,112.64028278231861,0,2,0,6,1,2,residential_area
898d85d1937ffff,-7.973751889315711,112.65574624389228,0,2,0,9,0,0,worship_area
898d85c2327ffff,-7.94940412970185,112.60437879301877,1,4,0,3,3,9,residential_area
898d85c0547ffff,-7.928684511220699,112.60300383223378,1,4,0,3,0,7,residential_area
898d85c26afffff,-7.961538953096354,112.64354618939075,3,10,0,7,1,0,school_area
898d85d0e0fffff,-8.003740512462683,112.67025869649848,0,0,0,1,0,1,residential_area
898d85c313bffff,-7.920993694421502,112.63782278979376,0,0,0,0,0,3,residential_area
898d85d096bffff,-8.008256882320024,112.62841409721716,0,3,0,8,0,1,worship_area
898d85d0b2fffff,-7.995429085766261,112.62718375237154,0,2,0,1,2,0,public_area
898d85c20c7ffff,-7.964192881789213,112.63460769489066,0,6,0,7,0,0,school_area
898d85d545bffff,-8.016750020553438,112.61758434976446,0,2,0,4,0,4,residential_area
898d85c216fffff,-7.960204241552069,112.60357593424597,3,6,1,6,1,2,campus_area
898d85d56c7ffff,-8.005072654357809,112.62136706675476,1,7,0,6,0,2,school_area
898d85c2333ffff,-7.950556401155157,112.6093940126165,4,3,0,10,1,2,campus_area
898d85c0553ffff,-7.929837632086791,112.6080194751837,0,3,0,2,1,12,residential_area
898d85d1b07ffff,-7.951541345003065,112.66832464783273,0,0,0,0,1,0,public_area
898d85c26bbffff,-7.962690032520798,112.64855897673766,0,1,0,3,2,4,residential_area
898d85d5297ffff,-7.999587538139826,112.60429088847036,0,0,0,3,0,12,residential_area
898d85d0a87ffff,-7.999408061859556,112.65820380960393,0,0,0,9,0,0,worship_area
898d85d0977ffff,-8.014095339465108,112.62652274541722,0,0,0,1,0,1,residential_area
898d85d0b3bffff,-7.996579111307659,112.63219690731694,0,8,0,8,0,0,school_area
898d85d534bffff,-7.986223957761887,112.58706755099446,0,0,0,3,0,2,residential_area
898d85c2a43ffff,-7.933990652111177,112.58511724268072,0,1,0,1,0,2,residential_area
898d85c01d7ffff,-7.923455709561069,112.59391759025046,0,0,0,1,0,0,worship_area
898d85d1ddbffff,-7.984720817731524,112.68987731388452,0,2,0,1,0,0,school_area
898d85c217bffff,-7.961356097666645,112.60859101959507,0,3,1,5,0,3,residential_area
898d85d50d3ffff,-8.012416313588938,112.60552249063244,0,0,0,0,0,3,residential_area
898d85d08c3ffff,-8.012233041221592,112.65943241126566,0,0,0,0,1,2,residential_area
898d85d56d3ffff,-8.006222401262766,112.62638039220387,0,3,0,5,0,3,residential_area
898d85c2607ffff,-7.957733843491595,112.6474713672984,0,3,0,2,1,0,school_area
898d85c2503ffff,-7.983483937174159,112.62297356967345,1,11,1,16,0,0,school_area
898d85c26c7ffff,-7.958000349039574,112.65546310929021,0,3,0,3,0,5,residential_area
898d85d0983ffff,-8.025150345212568,112.63371127412968,0,0,0,1,0,1,residential_area
898d85d0b47ffff,-7.991889884805867,112.63910120543812,0,6,1,6,0,0,school_area
898d85c2ecfffff,-7.9532098950662435,112.6004522594485,1,5,0,12,0,9,residential_area
898d85c2443ffff,-7.970566027670269,112.64870073670936,0,1,1,5,1,2,residential_area
898d85d0d0bffff,-8.02948113413436,112.64576861559122,1,0,0,1,0,0,campus_area
898d85c2187ffff,-7.977110967324975,112.60887674563219,0,4,0,13,1,9,residential_area
898d85c2c13ffff,-7.977462203912229,112.58990489088333,0,0,0,0,0,1,residential_area
898d85c234bffff,-7.939139073287922,112.6211727502666,0,4,0,5,1,2,school_area
898d85c056bffff,-7.924609202507079,112.59893383703587,1,1,0,1,0,1,campus_area
898d85c250fffff,-7.981448521778308,112.62093954320034,2,4,2,16,0,1,worship_area
898d85c26d3ffff,-7.959151353761507,112.66047527620455,0,1,0,0,0,6,residential_area
898d85d098fffff,-8.023116526624682,112.63167783328892,0,4,0,2,0,1,school_area
898d85d0b53ffff,-7.993039835156787,112.64411374052729,0,9,1,7,0,1,school_area
898d85d5613ffff,-8.005957487650319,112.61838744113929,1,8,0,5,0,2,school_area
898d85d0e03ffff,-8.005774390395986,112.6722911750722,0,0,0,0,0,1,residential_area
898d85c35d3ffff,-7.938707617597431,112.66709629351175,0,0,0,1,0,1,residential_area
898d85d0d17ffff,-8.035317913000549,112.64387740843291,0,4,0,0,0,2,school_area
898d85c2193ffff,-7.97826205441009,112.61389124776817,1,6,0,15,2,1,worship_area
898d85c20bbffff,-7.968882630882281,112.62770250243551,0,14,1,7,4,0,school_area
898d85d1967ffff,-7.9649917814313085,112.6585836366997,0,1,0,2,0,2,residential_area
898d85c2357ffff,-7.944981686267614,112.6192809595044,1,0,0,5,2,0,public_area
898d85c0577ffff,-7.930453234156332,112.59704194143706,2,0,0,1,0,1,campus_area
898d85d1b2bffff,-7.947469645168052,112.66425866152,0,1,0,2,1,1,residential_area
898d85c251bffff,-7.982599217512683,112.62595328657113,1,16,0,19,0,0,school_area
898d85d099bffff,-8.024265367181648,112.63669027101247,0,0,0,1,0,1,residential_area
898d85c2a67ffff,-7.934605940329011,112.574137249777,0,1,0,0,0,3,residential_area
898d85d528bffff,-7.993747661317317,112.60618234525893,0,2,0,6,0,17,residential_area
898d85d0a7bffff,-7.983661430270985,112.65792083515697,0,1,0,8,0,2,worship_area
898d85d0d23ffff,-8.032136215542646,112.63683233038795,0,0,0,1,0,5,residential_area
898d85d1973ffff,-7.966142450901919,112.66359550921705,0,0,0,1,0,0,worship_area
898d85c2363ffff,-7.9417924622296425,112.61223166869848,0,5,0,0,0,0,school_area
898d85c0583ffff,-7.941524332924117,112.60423579616749,2,3,0,9,4,3,public_area
898d85d1b37ffff,-7.953310641633846,112.66236695114569,0,2,0,0,1,10,residential_area
898d85d1dcfffff,-7.983571365850576,112.68486725075509,0,3,0,1,0,1,school_area
898d85c2527ffff,-7.984102617120156,112.61199969835995,1,12,2,17,0,1,school_area
898d85d09a7ffff,-8.025771396436134,112.62274014833291,0,1,0,1,0,0,school_area
898d85d08b7ffff,-8.021610418011251,112.64562680224415,0,2,0,3,0,3,residential_area
898d85d0b6bffff,-7.987820033886788,112.6350341080669,0,16,2,14,0,0,school_area
898d85c2a73ffff,-7.935759346996669,112.57915443493235,0,0,0,2,0,9,residential_area
898d85d0d2fffff,-8.030102685610904,112.63479902514841,0,1,0,3,0,2,residential_area
898d85c0c93ffff,-7.935490265523617,112.57115557673686,0,1,0,0,0,3,residential_area
898d85c21abffff,-7.973039156951119,112.604807737367,1,10,0,9,0,6,school_area
898d85c236fffff,-7.93975545125509,112.6101970564335,1,8,1,4,0,2,school_area
898d85c058fffff,-7.939487187760198,112.60220095586436,2,2,0,6,1,2,campus_area
898d85c2533ffff,-7.985253369211237,112.61701390632248,2,8,1,9,0,1,school_area
898d85d1d07ffff,-7.986225968266799,112.67593296650689,0,0,0,0,0,3,residential_area
898d85c2ec3ffff,-7.955246598011755,112.60248705646966,1,5,0,12,0,12,residential_area
898d85c3183ffff,-7.9291419684823214,112.64595818913219,0,2,0,3,0,2,residential_area
898d85c2437ffff,-7.979945044056797,112.63489197799514,1,11,1,13,3,3,school_area
898d85d09b3ffff,-8.026920293685375,112.62775305073467,0,1,0,0,0,1,residential_area
898d85d0b77ffff,-7.993659490157869,112.63314263202707,0,19,2,9,0,0,school_area
898d85c0493ffff,-7.93737013581509,112.62713308864517,1,1,0,4,1,1,campus_area
898d85c350bffff,-7.933483064467762,112.6580176346326,0,6,0,5,0,2,school_area
898d85d0d3bffff,-8.031251190936652,112.6398111686972,1,0,0,2,0,3,residential_area
898d85c21b7ffff,-7.978880258824098,112.60291614959966,1,3,0,7,0,7,residential_area
898d85c2273ffff,-7.937637984205133,112.63512711294803,1,5,0,7,0,3,school_area
898d85d198bffff,-7.975167712589569,112.66874827971918,2,4,2,7,0,0,campus_area
898d85c237bffff,-7.9409080015625495,112.61521210573699,0,1,0,3,0,0,worship_area
898d85c2e07ffff,-7.955863367549737,112.59150981830189,0,0,0,1,2,4,residential_area
898d85d5607ffff,-8.004807585063759,112.61337365632902,0,4,0,9,0,2,worship_area
898d85c059bffff,-7.940639893255077,112.60721646453918,2,11,1,6,0,1,school_area
898d85c35c7ffff,-7.937555917592911,112.66208416377631,0,4,0,2,0,0,school_area
898d85d500bffff,-8.00719670277689,112.59643906171912,0,0,0,0,0,1,residential_area
898d85d1d13ffff,-7.987375476285947,112.6809434955004,0,0,0,0,0,3,residential_area
898d85c318fffff,-7.927105052246931,112.64392444637086,0,1,0,2,0,2,residential_area
898d85c20afffff,-7.967731420484477,112.62268863013215,1,3,0,4,5,0,public_area
898d85d0b83ffff,-8.004717383520653,112.64033090131093,0,7,0,6,0,5,residential_area
898d85d5443ffff,-8.01763490919351,112.61460473156336,0,0,0,0,0,2,residential_area
898d85c2a8bffff,-7.944793678366038,112.58431487043272,0,0,0,1,7,1,public_area
898d85c3517ffff,-7.93932502662138,112.65612583214474,0,0,0,4,1,1,worship_area
898d85d0d47ffff,-8.026562637510645,112.6467142324661,0,0,0,2,0,0,worship_area
898d85c21c3ffff,-7.96950067558374,112.616728638522,2,4,0,10,2,1,campus_area
898d85d1997ffff,-7.98100700334509,112.66685674651279,1,1,0,2,0,1,campus_area
898d85d0a6fffff,-7.9825113564967785,112.6529089308341,0,1,0,8,0,1,worship_area
898d85c2387ffff,-7.956666058324905,112.6154974845962,2,9,0,5,1,0,school_area
898d85c2e13ffff,-7.957015614733615,112.5965256621051,2,2,0,6,2,5,residential_area
898d85c05a7ffff,-7.942140443693687,112.5932582570247,0,7,0,4,0,7,residential_area
898d85c254bffff,-7.973838689394523,112.62879062510963,1,13,1,17,0,0,school_area
898d85d0807ffff,-8.012854029431061,112.64846375383034,0,1,0,0,0,5,residential_area
898d85d1dc3ffff,-7.98560570622733,112.686899451213,0,2,0,1,0,1,school_area
898d85c319bffff,-7.928257496940205,112.6489377856214,0,2,0,4,1,0,school_area
898d85d09cbffff,-8.01550885367071,112.63952720632798,0,1,0,2,0,5,residential_area
898d85d08abffff,-8.015772897021117,112.64751809443803,0,1,0,0,0,3,residential_area
898d85d0b8fffff,-8.002682967920093,112.63829750982225,0,4,1,7,0,4,residential_area
898d85c200bffff,-7.960120992187288,112.63053996863187,0,2,1,6,0,0,worship_area
898d85c2a97ffff,-7.950636939667594,112.58242309308784,0,0,0,0,4,0,public_area
898d85c3523ffff,-7.936136626419572,112.64907955132584,1,1,0,4,0,2,residential_area
898d85d0d53ffff,-8.027711067267463,112.65172575609833,0,1,0,2,0,0,school_area
898d85c21cfffff,-7.967464683437151,112.61469434078442,2,3,0,8,0,0,campus_area
898d85c2c5bffff,-7.967815244993467,112.59572303869334,0,0,0,0,1,2,residential_area
898d85d19a3ffff,-7.977822055231624,112.65981235774457,0,6,2,9,0,1,school_area
898d85c2393ffff,-7.957817839555708,112.62051195057485,0,11,1,5,1,2,school_area
898d85c2eb7ffff,-7.964626916629615,112.58867227624003,0,0,0,0,0,1,residential_area
898d85c05b3ffff,-7.943293205235935,112.59827423004474,0,1,0,5,0,4,residential_area
898d85c242bffff,-7.974104847046937,112.63678353911811,0,9,1,6,4,0,school_area
898d85d1b67ffff,-7.9445490403458,112.66520452999359,0,1,0,2,0,0,school_area
898d85c2557ffff,-7.979679112750679,112.62689905720626,2,14,2,21,0,0,school_area
898d85d0813ffff,-8.014002974033291,112.65347540612674,0,0,0,1,0,1,residential_area
898d85c0487ffff,-7.936217660112755,112.62211865897336,0,5,0,3,0,2,school_area
898d85d1d2bffff,-7.982156884191239,112.67186788037597,1,0,0,0,0,1,campus_area
898d85c31a7ffff,-7.929758404416109,112.63498496175033,0,4,0,1,0,4,residential_area
898d85d09d7ffff,-8.021346600778687,112.63763590724878,0,6,0,1,0,0,school_area
898d85d0b9bffff,-8.003832502664132,112.64330991090188,0,5,0,5,0,4,residential_area
898d85c2267ffff,-7.936485663650216,112.63011314299484,1,0,0,4,1,3,residential_area
898d85c2017ffff,-7.965962155864028,112.62864831562348,0,11,1,6,3,0,school_area
898d85c352fffff,-7.934099998416452,112.6470459442649,1,3,0,5,0,2,school_area
898d85c35bbffff,-7.942245901148799,112.65517994419486,0,1,0,3,1,0,worship_area
898d85c21dbffff,-7.968616049228435,112.61970867258533,2,2,0,6,1,1,campus_area
898d85c20a3ffff,-7.969767278362076,112.62472269979924,0,2,1,7,5,0,public_area
898d85d19afffff,-7.975787023081331,112.65777933650637,0,7,1,10,0,0,school_area
898d85c2e2bffff,-7.951789559106114,112.58743954041736,0,0,0,0,0,2,residential_area
898d85d0c27ffff,-8.026826030080692,112.65470421142393,0,1,0,2,0,0,school_area
898d85c2563ffff,-7.976492715629805,112.6198512282573,1,7,1,11,2,1,school_area
898d85d1d37ffff,-7.98799569156851,112.66997639324997,0,0,0,0,0,1,residential_area
898d85c31b3ffff,-7.930910904891097,112.63999876622103,0,3,0,3,0,0,school_area
898d85d0ba7ffff,-8.005337546634813,112.6293597864302,0,6,0,5,0,0,school_area
898d85c2023ffff,-7.962774801615167,112.62160031454825,2,9,1,5,1,0,school_area
898d85d2b4bffff,-8.03699166301744,112.66486731547408,0,1,4,1,0,0,commercial_area
898d85d5273ffff,-7.984721075358033,112.60102459740095,0,4,0,12,0,9,residential_area
898d85d0a63ffff,-7.9845462345401,112.65494204467714,0,2,0,8,0,1,worship_area
898d85c353bffff,-7.935252107994624,112.65205898910402,1,1,0,5,0,1,campus_area
898d85d0d6bffff,-8.022495403572625,112.64264803508286,0,4,0,0,0,2,school_area
898d85c0407ffff,-7.929221809803811,112.61899577905679,0,1,0,4,1,5,residential_area
898d85d19bbffff,-7.976937276677729,112.6627910751032,0,10,2,8,0,0,school_area
898d85c23abffff,-7.952593055078367,112.61142857461051,4,2,0,12,1,0,campus_area
898d85c05cbffff,-7.931875016389551,112.61005421608628,1,2,1,2,1,12,residential_area
898d85c256fffff,-7.97445701183846,112.61781706615349,0,5,1,9,4,1,public_area
898d85d082bffff,-8.008785909784756,112.64439747026043,0,3,0,2,0,7,residential_area
898d85d1d43ffff,-7.978617540837928,112.6837807338578,0,1,0,0,0,0,school_area
898d85d0bb3ffff,-8.0064871378624,112.63437265238372,0,3,0,4,0,1,school_area
898d85c202fffff,-7.960738655402779,112.61956610923627,1,9,1,2,2,1,school_area
898d85c2abbffff,-7.946562489557753,112.57835223079616,0,1,0,0,3,0,public_area
898d85c3547ffff,-7.9305619768715285,112.65896354916977,0,7,0,3,0,1,school_area
898d85d0d77ffff,-8.028332666605817,112.64075678195915,1,1,0,2,0,3,residential_area
898d85c2eabffff,-7.958784621857122,112.59056396204713,0,0,0,0,1,2,residential_area
898d85c0413ffff,-7.930374620466667,112.62401050303622,0,2,0,2,0,3,residential_area
898d85d19c7ffff,-7.972247960456638,112.66969405960239,2,3,2,5,0,0,campus_area
898d85c23b7ffff,-7.958435154695592,112.60953686237757,2,3,0,6,0,6,residential_area
898d85c2e43ffff,-7.9482517216884165,112.59936326895237,0,2,0,2,1,3,residential_area
898d85c05d7ffff,-7.937718338770897,112.60816237283022,2,10,1,7,0,2,school_area
898d85c047bffff,-7.920456419589829,112.62183362734599,0,1,0,1,0,3,residential_area
898d85c257bffff,-7.975608042618332,112.62283110373878,2,10,1,14,1,0,school_area
898d85d0837ffff,-8.014623914733756,112.6425061320902,0,2,0,3,0,6,residential_area
898d85d5047ffff,-8.004276915312483,112.59738476411337,0,0,0,0,0,2,residential_area
898d85d520bffff,-7.986756690421797,112.60305916523804,0,5,0,12,0,8,residential_area
898d85c225bffff,-7.934984498236647,112.64406635137891,0,3,0,3,0,3,residential_area
898d85c0097ffff,-7.923993854957152,112.60991136804545,0,3,0,1,0,5,residential_area
898d85c203bffff,-7.961890200829303,112.62458027578793,1,10,0,9,1,0,school_area
898d85d2b63ffff,-8.039647012794934,112.65593289593447,0,1,0,3,0,0,worship_area
898d85c35afffff,-7.941094126719901,112.65016719376594,1,1,0,4,1,1,campus_area
898d85c2ac7ffff,-7.941871940864034,112.5852607724632,0,1,0,0,3,4,residential_area
898d85c3553ffff,-7.9317140120939325,112.66397597336982,0,3,0,3,0,0,school_area
898d85d0d83ffff,-8.039384228280369,112.64794336284177,0,3,0,0,0,0,school_area
898d85c2097ffff,-7.9729540091989,112.6317702709727,0,16,0,15,0,0,school_area
898d85c2c8bffff,-7.979498241567446,112.59193982223442,0,0,0,0,0,1,residential_area
898d85d19d3ffff,-7.9733981392499444,112.67470517744596,0,3,1,3,0,0,school_area
898d85d0c1bffff,-8.025319120959832,112.66864971599091,0,0,0,1,0,0,worship_area
898d85c23c3ffff,-7.949054964863746,112.62334952788663,0,1,0,5,0,1,worship_area
898d85c2e4fffff,-7.946214730528695,112.59732833629641,0,1,0,3,0,3,residential_area
898d85c2587ffff,-7.991359103955044,112.62311602793672,2,9,0,3,1,0,school_area
898d85d0843ffff,-8.005246240719947,112.65631242163617,0,0,0,2,0,1,residential_area
898d85d5053ffff,-8.005427129274768,112.60239946724228,0,1,0,1,0,10,residential_area
898d85d1d5bffff,-7.977732699244118,112.68675875529973,0,1,0,0,0,0,school_area
898d85c31d7ffff,-7.925336139685229,112.6498837196015,0,2,0,3,1,1,school_area
898d85d0a07ffff,-7.992419958586855,112.65508361772014,0,0,0,6,1,0,worship_area
898d85d5267ffff,-7.983570012207673,112.59600947103998,0,1,0,10,0,3,worship_area
898d85d0a57ffff,-7.987730848712656,112.66198669183294,0,1,0,1,0,0,school_area
898d85d5217ffff,-7.992597051019934,112.6011676626259,0,2,0,8,0,13,residential_area
898d85d0bcbffff,-7.995074490187539,112.64614703243349,0,7,1,7,0,2,school_area
898d85c00a3ffff,-7.920802761803006,112.60286078747102,0,0,0,0,0,1,residential_area
898d85c2047ffff,-7.957200303558746,112.6314858084515,1,2,1,8,0,1,worship_area
898d85d2b6fffff,-8.037614040471595,112.65390018254729,0,3,0,3,0,0,school_area
898d85c2ad3ffff,-7.94302485762463,112.59027720456001,0,2,0,2,0,6,residential_area
898d85d1dabffff,-7.989145237044862,112.67498723271585,0,0,0,0,0,2,residential_area
898d85d0d8fffff,-8.037351121491085,112.64591042130388,0,4,0,0,0,0,school_area
898d85c220bffff,-7.939674677667944,112.63716103376082,2,11,1,8,0,1,school_area
898d85c2c97ffff,-7.985339311736086,112.59004826739529,0,0,0,5,0,2,residential_area
898d85c042bffff,-7.925147037767235,112.61492669613646,0,5,0,2,1,10,residential_area
898d85c25d7ffff,-7.986669710805614,112.6300209687686,0,21,1,13,1,0,school_area
898d85c23cfffff,-7.947018376331971,112.62131527936937,0,0,0,7,1,0,worship_area
898d85c2e5bffff,-7.947367256392009,112.60234401001928,0,4,0,3,4,6,residential_area
898d85d1ba3ffff,-7.957382000656106,112.6664329658192,0,0,0,0,0,1,residential_area
898d85c2593ffff,-7.992509365443207,112.62812948229436,0,9,2,5,2,0,school_area
898d85d084fffff,-8.003212093913879,112.6542794865106,0,0,0,5,0,0,worship_area
898d85d1d67ffff,-7.979237373712575,112.67281363721555,1,1,0,1,0,0,campus_area
898d85d0a13ffff,-7.993569597817301,112.6600952330039,0,1,0,1,0,0,school_area
898d85d5223ffff,-7.989410741457446,112.59411794419056,0,1,0,6,0,2,residential_area
898d85d0bd7ffff,-8.000913236501498,112.64425560921295,0,3,0,3,0,4,residential_area
898d85c2053ffff,-7.958351774173945,112.63649935520746,1,7,0,9,0,0,school_area
898d85d2b7bffff,-8.038761898717418,112.65891111243339,0,2,4,4,0,0,commercial_area
898d85c2413ffff,-7.979326048331326,112.64586338660611,0,1,0,7,0,0,worship_area
898d85c356bffff,-7.9264885472223074,112.65489674860127,0,3,1,3,1,2,school_area
898d85d0d9bffff,-8.038499135642235,112.6509218110016,0,2,0,2,0,0,school_area
898d85c2217ffff,-7.945516837459243,112.6352692564905,3,4,0,3,0,4,campus_area
898d85c0437ffff,-7.930990616482964,112.613034813588,1,5,1,4,1,15,residential_area
898d85c2cdbffff,-7.974808383085488,112.59884682803306,0,0,0,4,0,4,residential_area
898d85c23dbffff,-7.948170436478284,112.62632957488356,0,2,0,2,0,1,school_area
898d85c224fffff,-7.933832233542063,112.6390528465275,0,3,0,5,0,4,residential_area
898d85c2e67ffff,-7.948868063178132,112.58838541956247,0,0,0,0,0,1,residential_area
898d85d1bafffff,-7.955346371939651,112.664399994179,0,2,0,0,0,5,residential_area
898d85d085bffff,-8.004361317370657,112.65929096787796,0,0,0,3,0,0,worship_area
898d85d1d73ffff,-7.980387217135673,112.67782446063343,0,0,0,0,0,1,residential_area
898d85d0dd3ffff,-8.034695885124991,112.65484577115225,0,1,0,3,0,0,worship_area
898d85d522fffff,-7.987375077380627,112.59208314144034,0,1,0,6,0,3,residential_area
898d85c35a3ffff,-7.943130466450365,112.65220066512957,0,1,0,4,1,0,worship_area
898d85c3577ffff,-7.932330992080122,112.65300490007147,0,0,1,6,0,1,worship_area
898d85c2223ffff,-7.942328192296423,112.62822134118069,1,4,0,7,0,5,residential_area
898d85c208bffff,-7.967113328809177,112.63366187804331,0,11,0,4,0,0,school_area
898d85c0443ffff,-7.921609527983029,112.62684833574806,0,0,0,1,0,4,residential_area
898d85c2e73ffff,-7.950020645167569,112.59340155751194,0,0,0,1,0,3,residential_area
898d85c25abffff,-7.987288715722379,112.61904801818699,2,5,1,8,0,0,campus_area
898d85d0c0fffff,-8.02417090360747,112.66363911753128,0,0,0,1,0,0,worship_area
898d85d0867ffff,-8.00586680025001,112.64534315264429,0,4,0,2,0,4,residential_area
898d85d0a2bffff,-7.988350645138547,112.65101743310564,0,8,0,6,1,0,school_area
898d85d523bffff,-7.988526060266837,112.59709842762058,0,4,0,9,0,4,residential_area
898d85c206bffff,-7.953127837308306,112.62741781087267,0,3,0,6,0,3,residential_area
898d85c3583ffff,-7.943397539026691,112.66019238962036,0,3,0,1,0,0,school_area
898d85c222fffff,-7.9402914497601085,112.62618718513427,1,1,0,8,1,2,worship_area
898d85d525bffff,-7.982067051087598,112.60996536550493,0,8,1,17,0,4,worship_area
898d85d0a4bffff,-7.9818918146651345,112.66387818608796,0,2,0,2,0,1,school_area
898d85c2cbbffff,-7.981267475765093,112.5859783054262,0,0,0,2,0,0,worship_area
898d85c25b7ffff,-7.993128624330998,112.61715652870193,0,7,0,11,0,0,school_area
898d85d0873ffff,-8.007016080135536,112.65035509920372,0,0,0,0,0,5,residential_area
898d85d1d8bffff,-7.989409747800101,112.68297578158291,0,0,0,0,0,2,residential_area
898d85d0a37ffff,-7.994189648724345,112.6491259708291,0,9,1,10,0,2,school_area
898d85d5247ffff,-7.9838364030620586,112.60400492988173,0,3,0,15,0,8,residential_area
898d85d0887ffff,-8.019840439416598,112.65158410675319,0,1,0,2,0,0,school_area
898d85c2077ffff,-7.958969484179089,112.62552611193641,0,10,0,12,0,0,school_area
898d85c358fffff,-7.9413613336043705,112.65815914657887,0,2,0,4,1,0,school_area
898d85c25cbffff,-7.98082977094564,112.63191249074515,1,15,2,16,3,0,school_area
898d85c223bffff,-7.941443689704377,112.63120131529121,2,2,0,7,0,4,residential_area
898d85c2cc7ffff,-7.976577599431107,112.59288561300215,0,0,0,1,0,2,residential_area
898d85c045bffff,-7.920725144922944,112.62982855425662,0,0,0,2,0,3,residential_area
898d85c2e8bffff,-7.959052248827026,112.5985605444583,2,4,0,5,0,0,campus_area
898d85c25c3ffff,-7.9837497765209475,112.6309667253193,0,11,1,15,1,0,school_area
898d85c2e93ffff,-7.964009766195253,112.5996495183505,1,4,0,4,2,0,school_area
898d85c2407ffff,-7.978175583110272,112.64085072275525,0,2,0,6,0,0,worship_area
898d85d1d97ffff,-7.995247844973175,112.68108434778632,0,0,0,0,0,2,residential_area
898d85d0a43ffff,-7.984811367299277,112.6629324345324,0,0,0,0,0,1,residential_area
898d85d5253ffff,-7.98498731068076,112.6090195971108,0,9,1,18,0,1,school_area
898d85c0463ffff,-7.9213407818179125,112.61885317731303,0,3,0,0,0,1,school_area
898d85c2083ffff,-7.970033704617389,112.63271607007054,0,21,0,5,0,0,school_area
898d85c359bffff,-7.942512952869398,112.66317143682993,0,3,0,2,0,0,school_area
898d85c2ccfffff,-7.973656885946694,112.59383141266814,0,0,0,0,0,2,residential_area
898d85d0dcbffff,-8.029744413642957,112.6537585980296,0,1,0,3,0,0,worship_area
898d85c2243ffff,-7.935868995813722,112.64108668185534,0,8,1,6,0,2,school_area
898d85c2247ffff,-7.936753491139343,112.63810693570731,1,9,1,6,0,3,school_area
898d85d0dc7ffff,-8.03354779070127,112.649834541748,1,4,0,3,0,1,school_area
898d85c2cd3ffff,-7.977728997472617,112.59790103347336,1,0,0,4,0,4,residential_area
898d85c3597ffff,-7.946318243181679,112.65924651583244,0,2,0,2,0,0,school_area
898d85c0467ffff,-7.922225141794058,112.61587265074317,0,3,0,1,0,1,school_area
898d85c240bffff,-7.974370828164747,112.64477576180451,0,0,1,5,0,0,worship_area
898d85c2e97ffff,-7.964894317554574,112.59666886505175,0,4,0,2,1,0,school_area
898d85c25cfffff,-7.981714495433717,112.62893292693278,0,20,2,15,1,0,school_area
898d85d088bffff,-8.016036763312748,112.65550829111872,0,0,0,1,0,0,worship_area
898d85d0a4fffff,-7.982776623643211,112.66089954896496,0,2,0,5,0,1,worship_area
898d85d0c03ffff,-8.026204184449128,112.66567164573875,0,0,0,1,0,0,worship_area
898d85c208fffff,-7.967997981028532,112.63068222852125,0,20,1,5,1,0,school_area
898d85c35a7ffff,-7.944015029500705,112.64922130939613,0,1,0,2,1,0,public_area
898d85d0dd7ffff,-8.035580966438626,112.65186739781802,1,4,0,3,0,1,school_area
898d85c2253ffff,-7.937905656550745,112.64312044580745,0,7,1,6,0,1,school_area
898d85c0473ffff,-7.923378287383063,112.62088766903138,0,3,0,1,0,3,residential_area
898d85d524fffff,-7.980916044348459,112.60495070341659,0,4,0,12,0,10,residential_area
898d85c2417ffff,-7.980210798741364,112.64288420754148,0,2,0,6,0,0,worship_area
898d85c2ea3ffff,-7.961705804888734,112.58961811469305,0,0,0,0,0,1,residential_area
898d85c25dbffff,-7.98286503567186,112.63394621074308,1,12,1,15,2,3,school_area
898d85d0897ffff,-8.021874058098193,112.65361700588963,0,0,0,1,0,0,worship_area
898d85d1dafffff,-7.990030113916045,112.67200898620443,0,0,0,0,0,1,residential_area
898d85d0a5bffff,-7.9839265419377785,112.66591099319038,0,0,0,1,0,1,residential_area
898d85d526bffff,-7.979764900901003,112.59993573691746,1,1,0,6,0,5,residential_area
898d85d1d93ffff,-7.994362916574529,112.68406228205804,0,0,0,0,0,2,residential_area
898d85d087bffff,-8.00409699845994,112.65130078518403,0,0,0,1,0,1,residential_area
898d85c209bffff,-7.969149036036875,112.63569564119263,0,17,1,7,1,0,school_area
898d85c35b3ffff,-7.945166704623303,112.65423406510818,0,1,0,3,1,0,worship_area
898d85c2423ffff,-7.977024981176843,112.63583775412029,1,4,1,13,3,0,worship_area
898d85c2eafffff,-7.959669121798593,112.58758299741612,0,0,0,0,0,1,residential_area
898d85d08a3ffff,-8.018691693219493,112.64657244390918,0,2,0,2,0,3,residential_area
898d85d1dbbffff,-7.991179541348453,112.67701967579701,0,0,0,0,0,1,residential_area
898d85d0a67ffff,-7.985431036442188,112.65196317753858,0,4,0,6,0,1,school_area
898d85d5277ffff,-7.985605745182037,112.59804418849167,0,3,0,10,0,7,residential_area
898d85c2e87ffff,-7.962857853851295,112.59463396869249,0,0,0,1,1,0,public_area
898d85c20a7ffff,-7.970651923459537,112.62174282062563,0,6,0,4,3,1,school_area
898d85c0457ffff,-7.924531296526187,112.62590238262896,0,0,0,1,0,5,residential_area
898d85c226bffff,-7.932679832343641,112.63403903682061,0,3,0,3,0,5,residential_area
898d85c048bffff,-7.932411736376839,112.62604478771627,0,2,0,2,1,4,residential_area
898d85c2cc3ffff,-7.975692992486078,112.59586625872313,0,0,0,2,0,4,residential_area
898d85c242fffff,-7.9749895459828535,112.63380404822087,1,11,2,11,3,0,school_area
898d85c2237ffff,-7.94524934995289,112.62727545359229,2,5,0,6,0,5,residential_area
898d85c2ebbffff,-7.960821288617042,112.59259900102383,0,0,0,0,0,1,residential_area
898d85d08afffff,-8.016657854810171,112.64453932367036,0,1,0,2,0,5,residential_area
898d85d1dc7ffff,-7.986490592414924,112.68392151174724,0,0,0,1,0,2,residential_area
898d85d0dbbffff,-8.038236195213178,112.64293181815025,0,0,0,0,0,3,residential_area
898d85d0a73ffff,-7.986581010956979,112.6569750871517,0,1,0,6,1,1,worship_area
898d85d032fffff,-7.997281844283793,112.68311657669177,0,0,0,0,0,2,residential_area
898d85c358bffff,-7.94047676382544,112.66113827226845,0,5,0,2,0,0,school_area
898d85d5283ffff,-7.996667635432059,112.6052366124198,0,0,0,6,0,15,residential_area
898d85c2073ffff,-7.958084895039327,112.62850599847367,0,2,1,11,0,1,worship_area
898d85d0c37ffff,-8.028859360075717,112.6567369749357,0,1,0,1,0,0,school_area
898d85c20b3ffff,-7.971803034667196,112.62675669812553,0,9,1,14,2,0,school_area
898d85c35cbffff,-7.933750456675793,112.66600911666528,0,1,0,2,0,0,school_area
898d85d560bffff,-8.00100315139234,112.61729914340165,0,5,0,7,0,2,school_area
898d85c2277ffff,-7.938522475002768,112.63214721359067,1,0,0,6,0,1,worship_area
898d85c0497ffff,-7.938254605697106,112.62415295773135,1,4,0,5,0,2,school_area
898d85c243bffff,-7.976140265877029,112.63881716661366,0,4,1,7,3,0,public_area
898d85c2ec7ffff,-7.956131107568297,112.59950639750564,2,6,0,14,0,5,residential_area
898d85d5243ffff,-7.982951728302455,112.60698518592076,0,7,1,16,0,6,residential_area
898d85d0a33ffff,-7.993304804854666,112.65210483259571,0,7,0,7,1,0,school_area
898d85d08bbffff,-8.017806719055816,112.64955113626888,0,0,0,2,0,2,residential_area
898d85d50cbffff,-8.007462013309517,112.60443385621602,0,1,0,0,0,10,residential_area
898d85d1dd3ffff,-7.987639944944022,112.68893158026644,0,0,0,1,0,0,worship_area
898d85d528fffff,-7.994632394021271,112.60320217317498,0,1,0,9,0,19,residential_area
898d85d0c43ffff,-8.019482421567409,112.67054096935277,0,0,0,1,0,0,worship_area
898d85d1d87ffff,-7.993213743992976,112.67905204748762,0,0,0,0,0,1,residential_area
898d85d5453ffff,-8.019669183475376,112.61663869271891,0,2,0,2,0,3,residential_area
898d85c35d7ffff,-7.939592191820342,112.66411732125046,0,4,0,1,0,0,school_area
898d85d086fffff,-8.002947619361676,112.64628884389349,0,4,0,3,0,4,residential_area
898d85d0e07ffff,-8.006659353747212,112.66931301580529,0,0,0,1,0,1,residential_area
898d85d5617ffff,-8.006842318442358,112.61540773903192,0,3,0,9,0,2,worship_area
898d85c25b3ffff,-7.992243865371509,112.62013631657248,1,8,0,7,0,0,school_area
898d85c2283ffff,-7.949589579037104,112.63933691223211,0,1,0,9,0,0,worship_area
898d85c04a3ffff,-7.935065047903606,112.61710392462429,1,5,1,5,0,4,residential_area
898d85c2447ffff,-7.971450736042668,112.64572155223752,0,1,1,6,0,0,worship_area
898d85c2ed3ffff,-7.957283199430546,112.6045217821687,2,2,0,5,0,8,residential_area
898d85c260bffff,-7.953928688579656,112.6513964810314,0,2,0,2,0,0,school_area
898d85d08c7ffff,-8.01311800885124,112.65645394702149,0,0,0,0,1,2,residential_area
898d85c2e7bffff,-7.947099177122722,112.59434744046644,0,1,0,2,0,3,residential_area
898d85d0a8bffff,-7.995603984059352,112.66212806844842,0,1,0,3,0,0,worship_area
898d85d529bffff,-7.995782886384054,112.60821670618395,0,1,0,2,0,14,residential_area
898d85c20cbffff,-7.960387737036125,112.63853309719848,3,12,0,10,0,0,school_area
898d85d0e13ffff,-8.007808166651778,112.67432358226769,0,0,0,0,0,1,residential_area
898d85d5623ffff,-8.003657545652992,112.60835956706991,0,1,0,3,0,10,residential_area
898d85c228fffff,-7.947553259022958,112.6373031200442,0,3,0,8,0,2,worship_area
898d85c222bffff,-7.939406963523874,112.62916723764835,1,0,0,7,0,0,worship_area
898d85c04afffff,-7.933027882945148,112.61506940477969,1,5,1,5,0,8,residential_area
898d85c2453ffff,-7.97260138102465,112.65073405051311,0,0,0,4,0,2,residential_area
898d85d1c27ffff,-7.979767210129125,112.6887909415259,0,3,0,1,0,0,school_area
898d85d0dafffff,-8.03708802515228,112.63791996877502,0,0,0,0,0,7,residential_area
898d85c2617ffff,-7.959769655678162,112.6495048026368,0,2,0,3,2,2,residential_area
898d85d0323ffff,-7.999315741919577,112.68514873420261,0,0,0,0,0,1,residential_area
898d85c30a3ffff,-7.9226827543362734,112.65882205440967,0,2,0,1,0,3,residential_area
898d85d08d3ffff,-8.014266797737788,112.66146513938827,0,0,0,0,0,1,residential_area
898d85d0a97ffff,-8.001442277561507,112.66023665921152,0,0,0,9,0,0,worship_area
898d85c2067ffff,-7.956933269118324,112.62349199203913,0,8,0,10,0,2,school_area
898d85d724bffff,-8.028954043332995,112.62978657698261,0,2,0,3,0,2,residential_area
898d85d546bffff,-8.014450909118143,112.60755674401945,0,0,0,0,0,2,residential_area
898d85c20d7ffff,-7.966228674232573,112.63664145098853,0,9,0,6,1,0,school_area
898d85d562fffff,-8.00162259269884,112.6063252634224,0,0,0,1,0,12,residential_area
898d85c229bffff,-7.94870500871091,112.64231649607993,0,1,0,10,0,0,worship_area
898d85c04bbffff,-7.934180613012374,112.62008428886165,0,3,0,5,0,4,residential_area
898d85c2623ffff,-7.95658254685612,112.64245843540941,2,4,0,7,1,0,campus_area
898d85c30afffff,-7.920645818426017,112.65678863258834,0,0,0,0,0,3,residential_area
898d85d5237ffff,-7.992330998987986,112.59317219411079,0,0,0,2,0,0,worship_area
898d85d0a27ffff,-7.9921550100660905,112.64709275734218,0,11,1,8,0,0,school_area
898d85d0aa3ffff,-7.998258621127671,112.6531921837299,0,2,0,10,0,1,worship_area
898d85d52b3ffff,-7.998437126023333,112.5992761955833,0,0,0,3,0,2,residential_area
898d85d7257ffff,-8.034791274079659,112.62789535616918,0,0,0,1,0,1,residential_area
898d85d0e2bffff,-8.002591463430873,112.66524783034694,0,0,0,3,0,0,worship_area
898d85d1d7bffff,-7.977467734812517,112.67877022096813,0,0,0,1,0,0,worship_area
898d85d563bffff,-8.002772750068134,112.61133950231498,0,3,0,9,0,4,residential_area
898d85d18b7ffff,-7.974548181337525,112.67971599014993,0,0,0,1,0,0,worship_area
898d85d5073ffff,-8.005161684455638,112.5944044448534,0,0,0,0,0,1,residential_area
898d85d0863ffff,-8.004981900574768,112.64832200722421,0,1,0,0,0,3,residential_area
898d85c22a7ffff,-7.950206907117671,112.62836367365963,0,2,0,3,0,1,school_area
898d85c04c7ffff,-7.929490195092541,112.62699071603063,0,2,0,2,1,3,residential_area
898d85c246bffff,-7.967379691806411,112.64165455367016,1,7,0,10,2,0,school_area
898d85c25a7ffff,-7.9910934483084795,112.61512240278226,0,3,0,11,0,1,worship_area
898d85c262fffff,-7.954546515155668,112.64042477889664,1,2,0,9,1,0,worship_area
898d85c30bbffff,-7.921798288184969,112.66180134594973,0,1,0,0,0,1,residential_area
898d85d0aafffff,-7.996224185746622,112.6511591129588,0,2,0,7,0,1,worship_area
898d85d7263ffff,-8.031608996023415,112.62084890305475,0,0,0,0,0,1,residential_area
898d85d0c73ffff,-8.021252490353799,112.66458474511249,0,0,0,1,0,0,worship_area
898d85c2e6fffff,-7.9459464960126365,112.58933130761015,0,2,0,2,1,4,residential_area
898d85d0e37ffff,-8.008429273229877,112.6633564671587,0,0,0,0,1,0,public_area
898d85d5647ffff,-7.998083460763239,112.61824485891016,0,6,1,6,0,2,school_area
898d85c22b3ffff,-7.9513587127961145,112.63337751471968,1,2,0,6,0,1,worship_area
898d85c04d3ffff,-7.930642850659538,112.63200498032293,0,3,0,2,1,7,residential_area
898d85c2477ffff,-7.97322014573935,112.63976295342873,0,3,1,6,2,0,school_area
898d85c263bffff,-7.955697929728903,112.64543786058735,1,4,0,6,1,0,school_area
898d85d0abbffff,-7.997373744504253,112.65617088863118,0,0,0,9,0,0,worship_area
898d85d52cbffff,-7.9870227914780685,112.61105393698531,0,11,1,11,0,1,school_area
898d85d5653ffff,-7.9992335427641965,112.62325847852927,0,2,1,6,0,2,residential_area
898d85d0da3ffff,-8.039121266388024,112.63995313841643,0,0,0,0,0,4,residential_area
898d85c3573ffff,-7.931446485580689,112.65598426296573,0,4,1,5,0,1,school_area
898d85c2483ffff,-7.984280925175969,112.64695096304244,0,3,0,9,0,0,worship_area
898d85c2647ffff,-7.951008098353708,112.65234233352606,0,1,0,2,0,0,school_area
898d85c205bffff,-7.955431113608552,112.63744519867615,1,3,0,8,0,0,worship_area
898d85d0903ffff,-8.018163655523608,112.63058996963052,0,4,0,1,0,1,school_area
898d85d0ac7ffff,-7.992684730396218,112.66307378635098,0,3,0,1,0,0,school_area
898d85d52d7ffff,-7.99286292612496,112.60916244089691,0,2,0,4,0,6,residential_area
898d85c00b7ffff,-7.9237248702512115,112.6019148244384,0,1,0,0,0,3,residential_area
898d85d727bffff,-8.030724014352845,112.6238282042043,0,1,0,1,0,2,residential_area
898d85c2107ffff,-7.970118499049877,112.60575354458793,4,10,0,11,1,3,campus_area
898d85c22cbffff,-7.939942215747797,112.64515413838257,1,2,0,4,0,1,campus_area
898d85c248fffff,-7.982245912765031,112.644917620971,0,1,0,7,0,0,worship_area
898d85d522bffff,-7.986490412525681,112.59506370316709,0,2,0,10,0,3,worship_area
898d85d0a1bffff,-7.9906502588903106,112.66104095798997,0,3,0,0,0,0,school_area
898d85c2653ffff,-7.9521594382929885,112.65735479483865,0,3,0,2,0,8,residential_area
898d85d090fffff,-8.01612954831949,112.62855639318549,0,0,0,1,0,1,residential_area
898d85d0ad3ffff,-7.993834214072761,112.66808494153086,0,2,0,0,0,0,school_area
898d85d1d6fffff,-7.976317792060509,112.67375940290567,0,4,1,4,0,0,school_area
898d85c2113ffff,-7.9712699210949065,112.61076834089847,4,10,0,9,3,2,campus_area
898d85d0e5bffff,-7.998166786731195,112.68013864415485,0,0,0,0,0,2,residential_area
898d85d0857ffff,-8.008165223169616,112.65536674094035,0,0,0,0,1,2,residential_area
898d85d566bffff,-7.994013380825162,112.61417666433819,0,5,0,12,0,0,worship_area
898d85c22d7ffff,-7.945784148814365,112.6432623679775,0,2,0,6,1,1,worship_area
898d85c249bffff,-7.983396142023058,112.64992998525724,0,1,0,7,0,1,worship_area
898d85c259bffff,-7.9895895737846825,112.62907522109352,0,18,2,9,1,0,school_area
898d85d091bffff,-8.017278724074004,112.63356912508499,0,5,0,2,0,0,school_area
898d85d0ca3ffff,-8.032925714964742,112.66080228790933,0,1,0,1,0,0,school_area
898d85d0e67ffff,-7.999672451584525,112.66619352522176,0,0,0,3,0,0,worship_area
898d85d5677ffff,-7.999853031719931,112.61228521410418,0,3,0,8,0,3,residential_area
898d85c0503ffff,-7.934528202277152,112.60111196467024,3,2,0,4,0,1,campus_area
898d85c2e63ffff,-7.947983621341981,112.59136646821739,0,1,0,0,0,2,residential_area
898d85c23d7ffff,-7.95197599427122,112.62240365990041,0,2,0,8,0,2,worship_area
898d85c24a7ffff,-7.984900198795376,112.63597985939579,0,4,2,19,0,3,worship_area
898d85c266bffff,-7.9469358612069865,112.64827543389296,0,0,0,3,1,0,worship_area
898d85d0927ffff,-8.018784278481444,112.61961823258466,0,2,0,5,0,3,residential_area
898d85c0433ffff,-7.9301062142849235,112.61601533458256,0,4,1,6,1,12,residential_area
898d85c212bffff,-7.966046112025152,112.60168426507947,1,10,0,7,1,3,school_area
898d85d0e73ffff,-8.000821599891902,112.67120438604228,0,0,0,1,0,0,worship_area
898d85d5683ffff,-8.010911480327358,112.61947569049879,1,4,0,3,0,2,school_area
898d85c2213ffff,-7.9446322998598635,112.63824899718766,1,6,0,5,1,2,school_area
898d85c050fffff,-7.932490768960061,112.59907698871812,4,0,0,3,0,2,campus_area
898d85c24b3ffff,-7.986050484328266,112.64099268875162,0,5,0,15,0,1,worship_area
898d85c2677ffff,-7.952777311336064,112.64638370948819,0,2,0,7,1,0,worship_area
898d85c3103ffff,-7.922146492766046,112.64283657853754,0,0,0,0,0,4,residential_area
898d85d0933ffff,-8.019933510876927,112.62463142912144,0,0,0,2,0,2,residential_area
898d85c3567ffff,-7.93029429527801,112.65097137854126,0,2,1,6,1,0,worship_area
898d85c2adbffff,-7.9401031480291,112.59122311041168,0,6,0,3,0,6,residential_area
898d85c204fffff,-7.954279543756692,112.63243165714756,1,3,0,5,0,2,school_area
898d85d54cbffff,-8.021703356113282,112.61867258256659,0,2,0,4,0,2,residential_area
898d85d0bd3ffff,-8.000028367134648,112.64723454400762,0,0,0,4,0,4,residential_area
898d85c2137ffff,-7.9718876973718915,112.59979263148756,0,6,0,7,0,3,school_area
898d85d568fffff,-8.008876950198655,112.6174417504223,1,5,0,3,0,1,school_area
898d85c051bffff,-7.933643809295011,112.60409279161422,5,5,0,8,0,3,campus_area
898d85c2683ffff,-7.9638409753016886,112.65357145919027,0,3,0,4,1,6,residential_area
898d85c310fffff,-7.92010928833883,112.6408027000727,0,0,0,0,0,3,residential_area
898d85d0a0fffff,-7.9895005204005844,112.65602934800596,0,0,0,5,1,0,worship_area
898d85d0b03ffff,-7.997729000054641,112.63720975760404,0,6,1,11,0,3,school_area
898d85c2a0bffff,-7.937796979764583,112.58118995208217,0,0,0,2,0,8,residential_area
898d85c2143ffff,-7.962507817162925,112.61360580045643,2,0,0,5,1,0,campus_area
898d85d1d63ffff,-7.978352555416804,112.67579196746716,0,1,0,1,0,0,school_area
898d85d569bffff,-8.010026616826613,112.62245523591648,1,6,0,4,0,2,school_area
898d85d505bffff,-8.002507369425716,112.60334517341109,0,1,0,2,0,9,residential_area
898d85d084bffff,-8.002327186944951,112.65725811119083,0,0,0,6,0,0,worship_area
898d85d1917ffff,-7.974017496407401,112.66373685145747,0,5,2,6,0,0,school_area
898d85c2307ffff,-7.94967189846212,112.61237444406014,3,2,0,13,1,0,campus_area
898d85c258fffff,-7.988439213129812,112.62406177193598,3,14,0,8,0,0,school_area
898d85c0527ffff,-7.935143884927873,112.59013381423213,0,0,0,1,0,4,residential_area
898d85c24cbffff,-7.974636632775852,112.65276729294757,0,0,0,6,0,0,worship_area
898d85c268fffff,-7.961805366283301,112.65153816660123,0,2,0,4,2,7,residential_area
898d85c311bffff,-7.92126206811299,112.6458163337359,0,0,0,0,0,5,residential_area
898d85d094bffff,-8.008521484554569,112.6364061293155,0,2,0,2,0,2,residential_area
898d85d0b0fffff,-7.995694295918449,112.63517623048584,0,6,0,10,0,0,school_area
898d85d72c3ffff,-8.038858127089554,112.63196222287955,0,0,0,0,0,5,residential_area
898d85c2a17ffff,-7.943640724190842,112.57929812898334,0,1,0,1,4,3,public_area
898d85c2e57ffff,-7.951173090599343,112.59841739110666,1,3,0,9,0,10,residential_area
898d85c34a3ffff,-7.936938462531556,112.67305400781959,0,0,0,0,0,1,residential_area
898d85c23cbffff,-7.946133864299422,112.62429540475459,0,2,0,4,1,1,school_area
898d85c214fffff,-7.960471536701411,112.61157136708204,2,3,0,4,0,0,campus_area
898d85d19dbffff,-7.970478415295885,112.67565096083602,0,1,0,0,0,0,school_area
898d85c0427ffff,-7.928953248522369,112.61100015105056,0,3,0,3,1,17,residential_area
898d85d56a7ffff,-8.01153147653692,112.60850242026335,0,0,0,0,0,4,residential_area
898d85d1923ffff,-7.970831924523562,112.65669203263425,0,3,0,8,0,0,worship_area
898d85c2c93ffff,-7.984454663215223,112.59302890741488,0,1,0,6,0,5,residential_area
898d85c2313ffff,-7.950824014653211,112.6173892042799,2,3,0,10,2,0,campus_area
898d85c2207ffff,-7.9434803143512855,112.63323532157239,3,4,0,1,0,4,campus_area
898d85c0533ffff,-7.936296981258516,112.59515008143231,0,4,0,1,0,1,school_area
898d85c24d7ffff,-7.980476376832307,112.65087574562395,0,1,0,7,0,0,worship_area
898d85c269bffff,-7.962956290381798,112.65655049394462,0,2,0,1,0,5,residential_area
898d85d0d8bffff,-8.03646604523011,112.64888894786418,1,6,0,1,0,1,school_area
898d85c3127ffff,-7.92276249993573,112.63186273939485,0,0,0,2,0,2,residential_area
898d85d0957ffff,-8.014359715645053,112.63451478429069,0,2,0,1,0,0,school_area
898d85c355bffff,-7.928792952857468,112.66492189145467,0,1,0,2,0,0,school_area
898d85c2acfffff,-7.938950132147856,112.58620668339854,0,1,0,0,0,6,residential_area
898d85d2b6bffff,-8.036728942776802,112.65687847746577,0,1,0,4,0,0,worship_area
898d85c2043ffff,-7.956315709745693,112.63446554185671,1,3,0,6,0,0,school_area
898d85d0b1bffff,-7.99684416586105,112.6401889258078,0,3,0,7,0,2,worship_area
898d85d72cfffff,-8.036824751426854,112.62992882518186,0,0,0,0,0,1,residential_area
898d85d0bc7ffff,-7.998878751999531,112.64222230318391,0,2,0,5,0,4,residential_area
898d85c2a23ffff,-7.940450053244526,112.57224540262486,0,1,0,0,0,3,residential_area
898d85c34afffff,-7.934902237452638,112.67102108584261,0,0,0,0,0,1,residential_area
898d85c215bffff,-7.9616232374699765,112.61658599309973,1,5,1,1,2,0,school_area
898d85d56b3ffff,-8.012681199781916,112.61351637019447,0,0,0,0,0,2,residential_area
898d85d192fffff,-7.968796603919139,112.65465887572216,0,1,0,9,0,5,residential_area
898d85c26a7ffff,-7.9644593580410366,112.64260036709575,2,10,0,10,1,0,school_area
898d85c3133ffff,-7.92391533544004,112.6368768382373,0,0,0,0,0,2,residential_area
898d85d5213ffff,-7.991712334658447,112.60414791302581,0,3,0,9,0,18,residential_area
898d85d0a03ffff,-7.991535109929292,112.65806232618931,0,1,0,2,1,0,public_area
898d85d0963ffff,-8.011176146601764,112.62746841687938,0,2,0,6,0,1,worship_area
898d85c31d3ffff,-7.924451680094757,112.6528632412224,0,1,0,3,1,2,residential_area
898d85d0b27ffff,-7.998348734738898,112.62623803132549,0,1,0,2,0,1,residential_area
898d85d72dbffff,-8.037973077401903,112.6349411341004,0,0,0,0,0,7,residential_area
898d85d1d57ffff,-7.981536923819004,112.68283497889408,0,2,0,0,0,0,school_area
898d85c2a2fffff,-7.9384123715219586,112.57020965064432,0,1,0,0,0,2,residential_area
898d85d504fffff,-8.001357056389656,112.59833047540155,0,0,0,2,0,2,residential_area
898d85c01c3ffff,-7.920533487898334,112.59486355650797,1,0,0,1,0,0,campus_area
898d85c2167ffff,-7.963125212421914,112.6026300952161,2,10,1,5,1,0,school_area
898d85d193bffff,-7.969947192783534,112.65967090869164,0,4,0,9,0,0,worship_area
898d85c232bffff,-7.945598318727332,112.60830526278053,0,7,0,7,1,3,school_area
898d85c2583ffff,-7.990474340089979,112.62609566278145,0,11,0,5,2,0,school_area
898d85c054bffff,-7.92487820812738,112.606930611944,0,2,0,2,0,8,residential_area
898d85c26b3ffff,-7.965610338205739,112.64761315970448,0,2,0,7,2,3,residential_area
898d85d096fffff,-8.009141750821387,112.625434704827,0,3,0,4,0,2,school_area
898d85d0b33ffff,-7.999498661113706,112.63125119148047,0,6,1,6,0,0,school_area
898d85c2a3bffff,-7.939565697804784,112.57522699545608,0,2,0,0,0,5,residential_area
898d85c2e4bffff,-7.945330281568259,112.60030915569415,0,4,0,5,4,4,residential_area
898d85c2173ffff,-7.964276969392681,112.60764518570232,4,8,1,7,0,2,campus_area
898d85d56cbffff,-8.00126831234618,112.62529231915657,0,1,0,5,0,2,residential_area
898d85c2337ffff,-7.951440901492434,112.60641350469123,1,5,0,4,0,7,residential_area
898d85d19cfffff,-7.969328137173527,112.67063984833841,2,2,0,1,0,0,campus_area
898d85c041bffff,-7.927452994025727,112.62495643839156,0,1,0,1,0,5,residential_area
898d85c0557ffff,-7.930722013353449,112.60503872283053,1,3,0,4,0,6,residential_area
898d85d097bffff,-8.010291261739681,112.63044773090363,0,1,0,5,0,0,worship_area
898d85c2c87ffff,-7.983303444529135,112.5880133220568,0,0,0,4,0,2,residential_area
898d85d534fffff,-7.987108601284268,112.58408675822555,0,0,0,1,0,0,worship_area
898d85c2a47ffff,-7.934875000735218,112.58213587699306,0,0,0,2,0,6,residential_area
898d85d0d03ffff,-8.032399559302632,112.64482300758003,1,4,0,1,0,0,school_area
898d85c2c0bffff,-7.972505252138944,112.58881569299186,0,0,0,0,0,1,residential_area
898d85c354fffff,-7.927640818282328,112.65990947256863,0,8,0,2,0,0,school_area
898d85d56d7ffff,-8.007107253404968,112.62340092145168,1,6,0,6,0,3,school_area
898d85c2ac3ffff,-7.940987545630902,112.58824197963547,0,2,0,1,1,7,residential_area
898d85c2037ffff,-7.965695461039727,112.6206544891256,2,3,0,4,3,0,campus_area
898d85c2343ffff,-7.942060415344544,112.62022685044349,0,2,0,6,1,1,worship_area
898d85c0563ffff,-7.927531253892594,112.59798788478741,1,1,0,0,0,2,residential_area
898d85d53cbffff,-7.99321569150528,112.59019163618598,0,0,0,1,0,0,worship_area
898d85c0093ffff,-7.923109499509922,112.61289204764958,0,1,0,2,0,6,residential_area
898d85d0bbbffff,-8.003567829955115,112.63531834525254,0,8,1,7,0,1,school_area
898d85c2507ffff,-7.984368654409804,112.61999377625283,2,2,1,11,0,0,worship_area
898d85c26cbffff,-7.95419528656144,112.6593879877362,0,3,0,0,0,13,residential_area
898d85d0987ffff,-8.026035320716597,112.63073220069936,0,1,0,1,0,1,residential_area
898d85d0b4bffff,-7.988085427862762,112.6430261163021,0,3,0,12,0,0,worship_area
898d85d535bffff,-7.988259739738487,112.58910250332468,0,0,0,3,0,2,residential_area
898d85c2a53ffff,-7.936028252232481,112.58715260323831,0,1,0,1,0,5,residential_area
898d85d5207ffff,-7.990561606433355,112.59913308077398,0,3,0,8,0,7,residential_area
898d85d0d0fffff,-8.030366163797764,112.64278993043601,1,0,0,2,0,3,residential_area
898d85c218bffff,-7.9733058443744405,112.61280272401243,2,10,0,13,6,1,school_area
898d85c31c7ffff,-7.923299154659751,112.64785006236339,0,0,0,1,1,2,residential_area
898d85c234fffff,-7.940023538579191,112.61819246626408,0,3,0,2,0,1,school_area
898d85c056fffff,-7.9254935324629185,112.59595277318324,0,0,0,1,0,0,worship_area
898d85d1b23ffff,-7.950390178935729,112.66331280190388,0,2,0,0,1,5,residential_area
898d85c2513ffff,-7.985519250977373,112.62500752481425,1,10,1,15,0,0,school_area
898d85c26d7ffff,-7.9600360268953,112.65749631634782,0,3,0,1,0,5,residential_area
898d85d5043ffff,-8.003392143633056,112.60036500697034,0,1,0,2,0,6,residential_area
898d85d0833ffff,-8.01373897331775,112.64548498126204,0,3,0,3,0,7,residential_area
898d85d0993ffff,-8.027184062130688,112.63574464364555,0,1,0,2,0,2,residential_area
898d85d0b57ffff,-7.993924657834664,112.64113464710418,0,6,0,6,0,1,school_area
898d85c2577ffff,-7.979413004795097,112.6189054453963,3,6,1,13,0,2,campus_area
898d85d0d1bffff,-8.031514513264773,112.64780161433862,1,4,0,2,0,1,school_area
898d85c2197ffff,-7.979146720162183,112.61091114278683,1,9,0,13,1,4,school_area
898d85c05d3ffff,-7.936833910791221,112.61114296659538,3,9,2,3,0,6,school_area
898d85d196bffff,-7.961186913648018,112.66250833341046,0,0,0,0,0,1,residential_area
898d85c235bffff,-7.941175933703121,112.62320705606157,0,2,0,8,1,2,worship_area
898d85c057bffff,-7.926646907603467,112.60096887030177,0,2,0,0,0,6,residential_area
898d85d1b2fffff,-7.948354261846213,112.6612796945646,0,1,0,1,1,2,residential_area
898d85c23b3ffff,-7.957550607695354,112.6125172117326,2,7,0,6,0,0,school_area
898d85d0b63ffff,-7.990739797679263,112.63408836561054,0,18,4,10,0,0,school_area
898d85d19c3ffff,-7.9713631890233385,112.67267254858967,2,4,2,2,0,0,campus_area
898d85c2a6bffff,-7.930799463429589,112.57806478535471,0,0,0,0,0,1,residential_area
898d85c040fffff,-7.926300084126057,112.61994171960153,0,4,0,1,1,4,residential_area
898d85d0d27ffff,-8.0330212376074,112.63385341552144,0,1,0,2,0,3,residential_area
898d85c21a3ffff,-7.975959743547514,112.60386193903746,0,3,0,8,0,7,residential_area
898d85d1977ffff,-7.967027170881921,112.66061670807287,0,0,0,4,0,0,worship_area
898d85c2367ffff,-7.942676920572105,112.60925115516177,0,11,0,3,0,0,school_area
898d85c0587ffff,-7.9424087702538575,112.6012550513316,2,4,0,8,4,3,public_area
898d85d1b3bffff,-7.94950554587651,112.6662916903754,0,0,0,0,1,1,residential_area
898d85d0d73ffff,-8.027447653315306,112.64373554550717,1,3,0,2,0,2,school_area
898d85c252bffff,-7.980297689325558,112.61592549525588,2,4,1,11,0,2,worship_area
898d85d09abffff,-8.02196754914956,112.62666509096617,0,0,0,0,0,3,residential_area
898d85c3543ffff,-7.929677465961009,112.66194275867048,0,6,0,2,0,0,school_area
898d85c202bffff,-7.959854070969706,112.62254614885289,0,12,0,7,0,1,school_area
898d85d0b6fffff,-7.9887048050474965,112.6320547028597,0,17,3,11,0,0,school_area
898d85c2a77ffff,-7.936643690887191,112.57617291651187,0,1,0,0,0,7,residential_area
898d85c3503ffff,-7.936404081056052,112.65707172895745,0,1,0,3,0,2,residential_area
898d85c0087ffff,-7.921956198872856,112.60787656984034,0,2,0,1,0,2,residential_area
898d85d0bafffff,-8.002418139561064,112.63030548451809,0,7,0,4,0,0,school_area
898d85d0d33ffff,-8.034169643790444,112.63886556430236,0,0,0,0,0,5,residential_area
898d85c0c97ffff,-7.93637458833258,112.56817382737104,0,1,0,0,0,1,residential_area
898d85c21afffff,-7.973923771237712,112.60182732091874,0,9,0,8,0,3,school_area
898d85d1983ffff,-7.978087393557376,112.66780250868919,1,2,1,6,0,0,worship_area
898d85c2373ffff,-7.943829371689228,112.61426620962378,1,3,0,5,1,0,school_area
898d85c0593ffff,-7.9435613765816155,112.60627056514001,0,7,0,6,4,3,school_area
898d85c2537ffff,-7.986138081570118,112.6140339598956,0,12,1,11,0,2,school_area
898d85d1d0bffff,-7.982421777211822,112.6798568824031,0,0,0,0,0,1,residential_area
898d85c31bbffff,-7.927989505201455,112.64094469478746,0,1,0,2,0,1,residential_area
898d85c3187ffff,-7.930026437802069,112.64297851599434,0,2,0,6,0,2,residential_area
898d85d09b7ffff,-8.027805264110532,112.62477382424878,0,2,0,2,0,2,residential_area
898d85d0b7bffff,-7.9898550101548125,112.63706769242525,0,9,1,10,0,0,school_area
898d85c2a83ffff,-7.947715344638887,112.58336897730746,0,0,0,1,7,1,public_area
898d85c350fffff,-7.9343675873412485,112.65503835021065,0,0,1,4,0,2,residential_area
898d85d0827ffff,-8.012589872995505,112.6404728691701,0,2,0,3,0,4,residential_area
898d85c21bbffff,-7.9750751129195185,112.60684227715845,1,3,0,6,0,9,residential_area
898d85d198fffff,-7.976052495794262,112.66576971576578,1,3,2,6,0,0,commercial_area
898d85c256bffff,-7.973572355179635,112.62079702000055,0,5,1,6,2,1,school_area
898d85c2e0bffff,-7.952057567484038,112.59543657549243,1,2,0,3,2,8,residential_area
898d85c2543ffff,-7.976758936706301,112.62784483671922,1,14,2,18,0,0,school_area
898d85c05c7ffff,-7.935681124782417,112.60612761789,3,9,1,6,0,4,school_area
898d85d1d17ffff,-7.98826035783205,112.67796540248555,0,0,0,0,0,3,residential_area
898d85c3193ffff,-7.931178783188952,112.64799186050908,0,2,0,6,0,2,residential_area
898d85d09c3ffff,-8.018427762936746,112.63858155235408,0,6,0,1,0,1,school_area
898d85c2e33ffff,-7.9567478535768785,112.5885288517638,0,0,0,0,0,2,residential_area
898d85c23a7ffff,-7.956398671150798,112.60750228634441,1,1,0,5,0,8,residential_area
898d85d0b87ffff,-8.005602261922862,112.63735181513383,0,3,0,4,0,4,residential_area
898d85c2003ffff,-7.963041609627368,112.62959413768907,0,7,1,5,0,0,school_area
898d85d19b7ffff,-7.980741778357562,112.6588665920214,0,4,0,9,0,1,worship_area
898d85c2a8fffff,-7.945678085159789,112.5813335887965,0,1,0,1,8,1,public_area
898d85c0403ffff,-7.928337403047968,112.62197614699753,0,1,0,0,0,3,residential_area
898d85c351bffff,-7.935519541806943,112.66005093490324,0,5,0,3,0,2,school_area
898d85d0d4bffff,-8.022759065015814,112.65063847035739,0,1,0,3,0,1,residential_area
898d85c21c7ffff,-7.970385299542014,112.61374852795532,3,8,0,11,4,1,school_area
898d85c2c53ffff,-7.970736101129155,112.59477722123201,0,0,0,0,0,1,residential_area
898d85d199bffff,-7.977202593966383,112.6707809941624,1,3,2,6,0,0,commercial_area
898d85c238bffff,-7.952860534350054,112.61942353820949,0,4,0,11,1,2,worship_area
898d85c2e17ffff,-7.9579001194993415,112.59354485028118,2,0,0,0,2,2,campus_area
898d85d0d67ffff,-8.026299067732014,112.63872356215086,1,3,0,2,0,3,residential_area
898d85c05abffff,-7.938334345752879,112.59718514272318,0,5,0,3,0,1,school_area
898d85c254fffff,-7.974723367203782,112.62581090269394,1,10,1,14,2,0,school_area
898d85c3537ffff,-7.939057685437254,112.64813365101872,1,2,0,4,0,1,campus_area
898d85d080bffff,-8.009050158038722,112.6523881198307,0,0,0,0,0,3,residential_area
898d85c2aabffff,-7.9445251122677805,112.57631669270218,0,1,0,0,0,1,residential_area
898d85d501bffff,-8.00923161949433,112.59847360729437,0,0,0,0,0,1,residential_area
898d85d1d23ffff,-7.985076323481529,112.6709221323873,0,0,0,0,0,2,residential_area
898d85d09cfffff,-8.016393790120247,112.63654820398853,0,7,0,2,0,0,school_area
898d85d0b93ffff,-8.006751697477302,112.64236422145743,0,6,0,3,0,6,residential_area
898d85d0ba3ffff,-8.004452689529481,112.63233910411748,0,8,0,6,0,0,school_area
898d85c200fffff,-7.961005597683886,112.62756016048685,0,6,1,10,0,0,school_area
898d85c2a9bffff,-7.94683092152049,112.5863501806513,0,0,0,1,5,1,public_area
898d85c3527ffff,-7.937021142607723,112.64610003688925,1,4,0,6,0,2,school_area
898d85d0d57ffff,-8.028596101954806,112.64874722414972,0,1,0,2,0,0,school_area
898d85c21d3ffff,-7.971536566166336,112.61876286492783,1,5,0,4,4,1,public_area
898d85d19a7ffff,-7.978706831447583,112.65683356370306,0,3,0,10,0,0,worship_area
898d85c2397ffff,-7.9587024076375865,112.61753183258512,2,9,1,4,2,1,school_area
898d85c2e23ffff,-7.954710983781644,112.5864936701752,0,0,0,0,0,2,residential_area
898d85c05b7ffff,-7.944177637862002,112.59529333232007,0,3,0,6,0,5,residential_area
898d85d1b6bffff,-7.940743773878627,112.66912930109034,0,0,0,0,0,1,residential_area
898d85c31afffff,-7.926836905443249,112.63593089555603,0,1,0,0,0,0,school_area
898d85c255bffff,-7.975874242538763,112.63082448075019,1,12,2,19,2,0,school_area
898d85d0817ffff,-8.014887936759372,112.65049678859454,0,1,0,1,0,1,residential_area
898d85d1d2fffff,-7.98304171423231,112.66888947514262,1,1,0,2,0,1,campus_area
898d85d1d33ffff,-7.987110831087455,112.67295471824549,0,0,0,0,0,2,residential_area
898d85d09dbffff,-8.017542810118163,112.64156047630466,0,1,0,1,0,1,residential_area
898d85d081bffff,-8.011084134279036,112.65442106910373,0,0,0,0,0,2,residential_area
898d85c201bffff,-7.962156987772358,112.63257386743798,0,2,1,4,0,0,school_area
898d85d2b43ffff,-8.03990961996006,112.66392173747357,0,1,4,2,0,0,commercial_area
898d85c3533ffff,-7.93817315287955,112.65111308700205,1,1,0,4,0,1,campus_area
898d85d0d63ffff,-8.025414070812847,112.64170240408785,1,3,0,2,0,2,school_area
898d85d1b6fffff,-7.941628364483932,112.66615040732431,0,1,0,1,0,0,school_area
898d85c05bbffff,-7.94037160875311,112.59922013269006,2,1,0,5,0,4,residential_area
898d85d19b3ffff,-7.979856985761316,112.66184530760556,0,3,1,5,0,1,school_area
898d85c23a3ffff,-7.955514140494513,112.61048271404951,3,3,0,8,1,5,campus_area
898d85c2e2fffff,-7.952674012476774,112.58445841728276,0,0,0,0,1,1,residential_area
898d85c05c3ffff,-7.934796713144054,112.60910829001271,2,9,2,6,0,7,residential_area
898d85d1b77ffff,-7.946585026249331,112.66723755175805,0,0,0,1,0,0,worship_area
898d85c239bffff,-7.954896952506862,112.62145780079636,0,6,0,10,1,2,school_area
898d85c2567ffff,-7.977377386229843,112.61687127626271,1,6,1,11,2,1,school_area
898d85d0823ffff,-8.011704947950978,112.64345179674226,0,3,0,3,0,7,residential_area
898d85d19abffff,-7.974902260908145,112.66075813232612,0,9,2,8,0,0,school_area
898d85d1d3bffff,-7.984191477051438,112.67390045913658,0,0,0,0,0,3,residential_area
898d85c31b7ffff,-7.931795369741075,112.6370189398254,0,3,0,2,0,4,residential_area
898d85d0babffff,-8.00153329635031,112.6332848040343,0,8,1,6,0,0,school_area
898d85c0083ffff,-7.9210718597670615,112.61085732781339,0,0,0,1,0,1,residential_area
898d85c2027ffff,-7.963659400033122,112.618620276781,2,6,1,5,2,0,school_area
898d85c21d7ffff,-7.972421206474087,112.61578283271903,2,11,0,9,4,1,school_area
898d85d2b4fffff,-8.037876782122133,112.66188925228428,0,1,4,3,0,0,commercial_area
898d85d0d6fffff,-8.02338038663221,112.63966919133459,0,4,0,1,0,2,school_area
898d85d0d5bffff,-8.024792598392306,112.65267137656406,0,1,0,0,0,0,school_area
898d85c040bffff,-7.9254156914541225,112.62292208939135,0,4,0,0,0,5,residential_area
898d85c352bffff,-7.933215496361493,112.65002546050013,1,0,0,4,0,1,campus_area
898d85c23afffff,-7.95347757175843,112.60844814503528,2,3,0,5,1,6,residential_area
898d85c2e3bffff,-7.95382651408355,112.5894747150135,0,0,0,1,1,4,residential_area
898d85c2013ffff,-7.9650775200042325,112.63162804354167,0,12,0,4,0,0,school_area
898d85c05cfffff,-7.932759413996359,112.60707354209065,3,6,0,4,1,5,campus_area
898d85c2573ffff,-7.978528317842824,112.62188531902912,1,6,1,16,1,0,worship_area
898d85d082fffff,-8.00967082092606,112.64141854088005,0,2,0,3,0,9,residential_area
898d85d0b97ffff,-8.007636592248268,112.63938521367677,0,2,0,4,0,4,residential_area
898d85c31c3ffff,-7.922414711438986,112.65082966244893,0,1,0,1,1,2,residential_area
898d85d5203ffff,-7.989676906412735,112.60211340948597,0,3,0,13,0,14,residential_area
898d85d0bb7ffff,-8.007372011330917,112.63139341307378,0,2,0,6,0,0,worship_area
898d85c2033ffff,-7.964810846269415,112.6236344485197,1,6,0,7,2,0,school_area
898d85d2b5bffff,-8.039024484467092,112.66689972222473,0,0,0,1,0,0,worship_area
898d85d09d3ffff,-8.020461634089287,112.64061482938598,0,3,0,0,0,1,school_area
898d85c354bffff,-7.92675632155732,112.66288868384419,0,2,0,0,0,0,school_area
898d85d0d7bffff,-8.024529071381497,112.64468116944336,1,4,0,3,0,1,school_area
898d85c31a3ffff,-7.928873955927294,112.63796486657623,0,3,0,3,0,1,school_area
898d85c2c83ffff,-7.982418812340755,112.59099404036536,0,0,0,6,0,3,residential_area
898d85c0417ffff,-7.93125904357237,112.62103021348747,0,3,0,4,0,2,school_area
898d85d19cbffff,-7.968443379835275,112.67361833908015,1,0,0,0,0,0,campus_area
898d85d1d27ffff,-7.985961167573996,112.66794372891152,0,0,0,0,0,1,residential_area
898d85c23bbffff,-7.954629607470064,112.61346306527085,3,9,0,10,2,0,school_area
898d85c2e47ffff,-7.949136184616387,112.59638245144552,0,1,0,0,0,1,residential_area
898d85c05dbffff,-7.9339122991955175,112.61208888564703,1,3,1,3,1,9,residential_area
898d85d080fffff,-8.009935090464227,112.64940942208571,0,0,0,0,0,5,residential_area
898d85d083bffff,-8.010820020437768,112.6464306477185,0,3,0,2,0,7,residential_area
898d85d504bffff,-8.000472298523505,112.60131072014684,0,0,0,3,0,4,residential_area
898d85d1d53ffff,-7.980652068121992,112.68581299860605,0,3,0,1,0,0,school_area
898d85c2553ffff,-7.9787944046220245,112.62987869940343,2,16,2,16,3,0,school_area
898d85c31cfffff,-7.920377641260349,112.64879601228223,0,0,0,1,0,2,residential_area
898d85d520fffff,-7.987641376585497,112.6000788346408,0,3,0,12,0,9,residential_area
898d85d1b63ffff,-7.943664435578376,112.6681834219965,0,0,0,1,0,0,worship_area
898d85d0bc3ffff,-7.997993899004325,112.64520131639028,0,0,1,6,0,4,residential_area
898d85c05afffff,-7.939218748066969,112.59420416477866,0,6,0,3,0,4,school_area
898d85c009bffff,-7.920187518394651,112.61383800928355,0,0,0,0,0,1,residential_area
898d85c2acbffff,-7.938065750873577,112.58918789248243,0,1,0,1,0,5,residential_area
898d85c3557ffff,-7.932598539382547,112.66099684235668,0,8,0,2,0,1,school_area
898d85c2e1bffff,-7.95409438828606,112.59747152215745,2,2,0,15,2,7,residential_area
898d85c238fffff,-7.95374507208579,112.61644333999526,1,7,0,9,1,0,school_area
898d85c2203ffff,-7.942595793112912,112.63621514068842,2,9,1,5,1,2,school_area
898d85c2c8fffff,-7.980382859907596,112.58895910201988,0,0,0,3,0,0,worship_area
898d85c0423ffff,-7.928068862668534,112.61398075041794,0,4,0,4,1,17,residential_area
898d85d19d7ffff,-7.974282927072019,112.6717267669503,2,5,2,5,0,0,campus_area
898d85c23c7ffff,-7.949939490924836,112.62036940434768,0,1,0,8,0,0,worship_area
898d85c2e53ffff,-7.950288611335818,112.60139813028653,0,4,0,8,0,8,residential_area
898d85c258bffff,-7.987554463182642,112.62704140862141,1,16,0,11,0,0,school_area
898d85c2c57ffff,-7.971620677859799,112.5917964953098,0,0,0,0,0,1,residential_area
898d85d0847ffff,-8.006131161644362,112.65333379874038,0,0,0,0,0,1,residential_area
898d85c21cbffff,-7.966580073431767,112.61767445320946,2,3,0,5,3,1,campus_area
898d85d5057ffff,-8.006311917294967,112.59941930268604,0,1,0,0,0,4,residential_area
898d85c31dbffff,-7.921530266024967,112.65380918586163,0,0,0,2,0,3,residential_area
898d85d0a0bffff,-7.988615685742148,112.65900805825643,0,1,0,3,0,0,worship_area
898d85d521bffff,-7.98879220390773,112.60509366176731,0,2,0,12,0,14,residential_area
898d85d0d4fffff,-8.023644069446375,112.64765985820425,0,1,0,3,0,2,residential_area
898d85d0bcfffff,-7.995959329235902,112.64316801742201,0,4,1,9,0,2,worship_area
898d85c00a7ffff,-7.92168708001477,112.59987979818207,1,0,0,1,0,0,campus_area
898d85c204bffff,-7.95339496398085,112.63541139237836,1,6,0,6,0,1,school_area
898d85c2ad7ffff,-7.943909269184866,112.58729607569163,0,1,0,1,3,2,public_area
898d85c2a93ffff,-7.949752502622785,112.58540429451489,0,0,0,0,4,1,public_area
898d85c3563ffff,-7.929409805151019,112.65395081990403,0,4,1,5,0,1,school_area
898d85c2007ffff,-7.963926229129176,112.62661433137858,1,9,0,7,2,0,school_area
898d85c220fffff,-7.940559184825433,112.6341812128223,2,3,0,6,0,0,campus_area
898d85c2c9bffff,-7.981534177667693,112.5939746822871,0,0,0,4,0,3,residential_area
898d85d0b8bffff,-8.001798103432762,112.64127659781343,0,4,0,6,0,5,residential_area
898d85c042fffff,-7.92603140955749,112.61194609490512,0,3,0,2,0,14,residential_area
898d85c23d3ffff,-7.951091451857636,112.62538370505486,0,3,0,6,0,2,school_area
898d85d1ba7ffff,-7.958266678345654,112.66345415936605,0,0,0,0,0,3,residential_area
898d85c2597ffff,-7.993394145665977,112.62514992581919,0,7,0,2,2,0,school_area
898d85d0853ffff,-8.007280285865276,112.6583452854015,0,0,0,0,1,1,residential_area
898d85d1d6bffff,-7.975432987848099,112.6767377349059,0,2,0,1,0,0,school_area
898d85d0a17ffff,-7.994454462854975,112.65711660298075,0,1,0,5,0,0,worship_area
898d85d5227ffff,-7.990295420148961,112.59113738436393,0,1,0,2,0,0,school_area
898d85d09c7ffff,-8.019312713257534,112.6356025518318,0,5,0,1,0,0,school_area
898d85d0bdbffff,-7.997109043583897,112.6481802529863,0,2,1,7,0,3,residential_area
898d85c3197ffff,-7.932063268875504,112.64501226582063,0,3,0,6,0,3,residential_area
898d85c00b3ffff,-7.922840535703691,112.60489573537762,0,2,0,1,0,4,residential_area
898d85c2057ffff,-7.959236384347854,112.6335197002098,0,4,1,6,0,0,school_area
898d85c356fffff,-7.927373023184089,112.6519173054488,0,2,1,4,1,0,school_area
898d85d1d1bffff,-7.984456235640001,112.68188923277482,0,0,0,0,0,3,residential_area
898d85c221bffff,-7.941711269593973,112.63919488320424,2,13,1,8,1,2,school_area
898d85d0803ffff,-8.011969083082038,112.65144244978197,0,0,0,0,0,3,residential_area
898d85c043bffff,-7.9271844745336395,112.61696127327266,0,6,0,3,1,10,residential_area
898d85c2e6bffff,-7.945062068123689,112.59231235817082,0,2,0,3,0,5,residential_area
898d85c2547ffff,-7.977643628477108,112.62486511614114,2,13,2,12,1,0,school_area
898d85c25a3ffff,-7.990208705701086,112.61810226900323,2,7,0,9,0,0,school_area
898d85d1d77ffff,-7.981272051822906,112.67484620887727,0,0,0,0,0,1,residential_area
898d85d0a23ffff,-7.9912701825709185,112.6500716975357,0,13,1,7,1,0,school_area
898d85c05a3ffff,-7.941256027400391,112.59623923307245,0,6,0,5,0,3,school_area
898d85d5233ffff,-7.991446303961229,112.59615267564453,0,2,0,4,0,1,school_area
898d85c2063ffff,-7.956048696333786,112.62647195696479,0,5,0,12,0,2,worship_area
898d85c357bffff,-7.9285253128163395,112.6569301845842,0,6,1,3,0,1,school_area
898d85d0dabffff,-8.036202970349034,112.64089872689024,0,0,0,0,0,4,residential_area
898d85c2e0fffff,-7.95294204198157,112.59245568345696,0,0,0,2,2,6,residential_area
898d85c2383ffff,-7.955781506592628,112.61847768095518,0,7,0,3,1,1,school_area
898d85c2227ffff,-7.943212692593202,112.62524129050394,0,2,0,8,1,2,worship_area
898d85c2cb3ffff,-7.984188074224472,112.58503252737462,0,0,0,2,0,1,residential_area
898d85d1993ffff,-7.980122189691465,112.66983523022637,1,2,0,3,0,1,campus_area
898d85c0447ffff,-7.922493908805851,112.62386804066858,0,0,0,1,0,5,residential_area
898d85c2e77ffff,-7.950905103333601,112.59042058716481,0,0,0,1,0,4,residential_area
898d85c25afffff,-7.9881734444322,112.61606815011046,0,7,0,9,0,0,school_area
898d85d086bffff,-8.00206273362161,112.64926770027266,0,0,0,3,0,2,residential_area
898d85d507bffff,-8.002241811729911,112.59535015424774,0,0,0,0,0,1,residential_area
898d85d1d83ffff,-7.992328831991162,112.68203006026248,0,0,0,0,0,3,residential_area
898d85c2c4bffff,-7.965778866491501,112.59368813533303,0,0,0,0,1,0,public_area
898d85d0a2fffff,-7.989235458654893,112.64803849111597,0,12,0,9,0,0,school_area
898d85c206fffff,-7.954012396075973,112.62443784410658,0,4,0,9,0,2,worship_area
898d85c3587ffff,-7.944282122947441,112.65721326570872,0,1,0,3,1,0,worship_area
898d85d032bffff,-7.9963968994867365,112.68609443245653,0,0,0,0,0,2,residential_area
898d85d0d43ffff,-8.025677619200186,112.64969284282276,0,2,0,3,0,0,school_area
898d85c3513ffff,-7.9384404732192175,112.6591050363105,0,3,0,2,0,1,school_area
898d85c2233ffff,-7.944364833300723,112.63025542586928,2,5,0,4,0,4,residential_area
898d85c2a87ffff,-7.948599765359481,112.58038769759185,0,0,0,1,5,0,public_area
898d85c0453ffff,-7.923646899350601,112.62888259930118,0,0,0,1,0,5,residential_area
898d85c2e83ffff,-7.961973318827431,112.59761470030686,0,6,0,3,2,0,school_area
898d85c25bbffff,-7.98932396063875,112.62108205872553,2,7,0,5,0,0,school_area
898d85d0877ffff,-8.007900996185125,112.64737632303935,0,2,0,1,0,6,residential_area
898d85d1d8fffff,-7.9902946457419155,112.6799977670712,0,0,0,0,0,2,residential_area
898d85d0a3bffff,-7.990385352679624,112.65305056109467,0,3,0,7,1,0,worship_area
898d85d524bffff,-7.980031383477766,112.60793096133193,0,6,1,16,0,8,residential_area
898d85c207bffff,-7.955164121210459,112.62945184533866,1,4,0,6,0,1,school_area
898d85c3593ffff,-7.945433642883024,112.66222556126785,0,2,0,2,0,1,school_area
898d85d09bbffff,-8.024001485764536,112.6286986814926,0,0,0,1,0,2,residential_area
898d85d0dc3ffff,-8.032662725767231,112.65281299349415,1,1,0,5,0,1,campus_area
898d85c318bffff,-7.926220597072068,112.64690412131326,0,2,0,2,1,3,residential_area
898d85c2ccbffff,-7.972772292881881,112.59681206028614,0,0,0,1,0,3,residential_area
898d85c2403ffff,-7.977290849069304,112.64382998023905,0,1,0,7,0,0,worship_area
898d85c2e8fffff,-7.959936769927019,112.59557981094997,1,1,0,2,1,0,campus_area
898d85d1d0fffff,-7.9833066282920875,112.67687870914622,0,0,0,0,0,2,residential_area
898d85c25c7ffff,-7.984634514958915,112.62798716333863,1,13,0,17,1,0,school_area
898d85d0883ffff,-8.01895544640004,112.65456264407466,0,0,0,1,0,0,worship_area
898d85d1d9bffff,-7.991443917652064,112.68500799626726,0,0,0,0,0,2,residential_area
898d85d0a47ffff,-7.985696190308462,112.65995379918179,0,1,0,2,0,1,residential_area
898d85d5257ffff,-7.985872001784097,112.6060394193991,0,3,1,16,0,5,worship_area
898d85d0c0bffff,-8.023285856506616,112.66661726623342,0,0,0,1,0,0,worship_area
898d85c253bffff,-7.982333222660558,112.61795967141789,2,4,2,10,0,2,campus_area
898d85c2087ffff,-7.970918370830284,112.62973642237712,0,13,1,14,1,0,school_area
898d85d0dcfffff,-8.030629464708754,112.65078014449286,1,2,0,3,0,1,campus_area
898d85c0597ffff,-7.944445830249783,112.60328989864641,2,4,0,4,4,5,residential_area
898d85c224bffff,-7.9329477523293335,112.64203259448905,0,4,0,5,0,3,residential_area
898d85c2cd7ffff,-7.9786136207529985,112.59492046605666,0,0,0,1,0,3,residential_area
898d85c240fffff,-7.975255548203549,112.64179650251279,0,1,0,5,2,0,public_area
898d85c2e9bffff,-7.9610887813915605,112.60059535549576,2,7,0,6,1,0,school_area
898d85c2e03ffff,-7.954978879116681,112.59449070843752,2,0,0,3,2,8,residential_area
898d85c25d3ffff,-7.985784956007074,112.63300045236446,0,15,1,14,1,0,school_area
898d85c2377ffff,-7.944713846375784,112.6112857744485,1,6,0,6,0,1,school_area
898d85d088fffff,-8.016921742417452,112.65252975200977,0,0,0,1,0,0,worship_area
898d85d1987ffff,-7.9789721908251385,112.66482394649921,1,2,1,4,0,0,campus_area
898d85d0a53ffff,-7.986846009320495,112.66496524872235,0,1,0,0,0,0,school_area
898d85d5263ffff,-7.982685358721776,112.59898995825743,1,3,0,9,0,3,residential_area
898d85c2093ffff,-7.972069326625287,112.63474984026995,0,18,1,9,0,0,school_area
898d85c35abffff,-7.9402095777910695,112.65314655129217,0,1,0,4,1,1,worship_area
898d85c21b3ffff,-7.97799561429597,112.6058964858423,0,4,0,9,0,12,residential_area
898d85d0ddbffff,-8.031777658321401,112.65579136861518,0,0,0,3,0,0,worship_area
898d85c2257ffff,-7.938790168240268,112.64014077809361,1,13,1,8,0,2,school_area
898d85d0d37ffff,-8.035054682223658,112.63588672780956,0,0,0,0,0,5,residential_area
898d85c0477ffff,-7.924262663706316,112.61790722084962,0,3,0,2,1,4,residential_area
898d85c3507ffff,-7.93728861808303,112.65409244631932,0,0,0,5,0,1,worship_area
898d85c241bffff,-7.976406112661011,112.6468091611078,0,0,1,7,0,0,worship_area
898d85c2a7bffff,-7.932837282816351,112.58010036682728,0,0,0,0,0,3,residential_area
898d85c2ea7ffff,-7.96259031873373,112.58663715197085,0,0,0,0,0,1,residential_area
898d85d526fffff,-7.980649540518331,112.59695524780889,1,0,0,5,0,3,residential_area
898d85d0b73ffff,-7.992774688695633,112.63612195701975,0,17,1,8,0,0,school_area
898d85c35b7ffff,-7.946051284045944,112.65125478783187,0,1,0,3,2,0,public_area
898d85c2263ffff,-7.935601189210856,112.63309312076726,0,0,0,5,0,6,residential_area
898d85c0483ffff,-7.935333206583346,112.62509886828305,1,2,0,4,1,4,residential_area
898d85c2427ffff,-7.977909694094623,112.63285826504581,1,14,2,14,3,0,school_area
898d85c2eb3ffff,-7.96374238645481,112.59165316066581,0,0,0,0,0,1,residential_area
898d85d08a7ffff,-8.019576664900104,112.64359367494383,0,2,0,1,0,4,residential_area
898d85d09afffff,-8.02285248939556,112.62368578428857,0,1,0,2,0,1,residential_area
898d85d0a6bffff,-7.9816265686055,112.65588779975987,0,3,0,10,0,1,worship_area
898d85d527bffff,-7.981800702765922,112.60197036905403,1,3,0,12,0,6,residential_area
898d85c20abffff,-7.966846789360225,112.62566851114924,1,7,1,6,4,0,school_area
898d85d1d03ffff,-7.985341103114867,112.67891113802105,0,0,0,0,0,2,residential_area
898d85c35c3ffff,-7.936671359750807,112.66506321452903,0,3,0,1,0,0,school_area
898d85d0367ffff,-7.99347798583656,112.68704013955205,0,0,0,0,0,1,residential_area
898d85d5603ffff,-8.003922770623683,112.61635343677544,0,3,0,10,0,1,worship_area
898d85c226fffff,-7.933564292690445,112.63105905721986,0,1,0,5,1,8,residential_area
898d85c048fffff,-7.933296175834005,112.62306457656335,0,3,0,2,0,3,residential_area
898d85c2433ffff,-7.979060314775554,112.63787138866955,0,5,0,10,3,3,school_area
898d85c252fffff,-7.98118237142584,112.61294546862104,1,10,2,16,0,1,school_area
898d85d08b3ffff,-8.02072542995646,112.64860549280532,0,1,0,4,0,3,residential_area
898d85d50c3ffff,-8.010381616438488,112.60348816594696,0,1,0,0,0,2,residential_area
898d85d1dcbffff,-7.982686493754945,112.68784519194874,0,3,0,1,0,0,school_area
898d85d0a77ffff,-7.987465829236459,112.65399629845527,0,4,0,6,1,1,school_area
898d85d5287ffff,-7.997552381981268,112.60225644221516,0,0,0,8,0,12,residential_area
898d85c058bffff,-7.938602764430001,112.60518170258214,4,8,1,8,0,2,campus_area
898d85c236bffff,-7.938871006932498,112.61317757183727,1,3,0,1,0,3,residential_area
898d85d544bffff,-8.014715660985173,112.61555039563395,0,0,0,1,0,3,residential_area
898d85c20b7ffff,-7.972687696119758,112.62377689732895,0,6,0,9,3,0,school_area
898d85c35cfffff,-7.934635000344076,112.66303006414357,0,5,0,3,0,0,school_area
898d85d560fffff,-8.001887951978471,112.61431936109662,0,3,0,10,0,1,worship_area
898d85c227bffff,-7.934716712505356,112.63607302194922,0,2,0,7,0,7,residential_area
898d85c049bffff,-7.9344487507731305,112.62807900103626,1,2,0,3,1,5,residential_area
898d85c21a7ffff,-7.97684437173466,112.60088152447136,1,3,0,6,0,4,residential_area
898d85c2ecbffff,-7.95232539946558,112.6034329202975,1,3,0,10,0,8,residential_area
898d85c2603ffff,-7.956849207692794,112.65045063740152,0,2,0,4,1,1,school_area
898d85d0d2bffff,-8.029217677373804,112.63777794183518,1,0,0,3,0,4,residential_area
898d85d50cfffff,-8.00834681767207,112.60145376996437,0,1,0,0,0,4,residential_area
898d85d1dd7ffff,-7.988524847531355,112.68595371931903,0,0,0,0,0,2,residential_area
898d85d0a83ffff,-7.9985231664527605,112.66118235940179,0,1,0,8,0,0,worship_area
898d85d5293ffff,-7.998702775246994,112.60727098035899,0,1,0,1,0,11,residential_area
898d85c2a6fffff,-7.931683777051313,112.57508318672109,0,0,0,0,0,1,residential_area
898d85d0c47ffff,-8.020367457184227,112.66756289557972,0,0,0,1,0,0,worship_area
898d85d5457ffff,-8.020554085925346,112.61365907637568,0,0,0,0,0,1,residential_area
898d85c20c3ffff,-7.963308241227329,112.63758726965727,3,13,0,9,2,0,school_area
898d85c35dbffff,-7.935786799701266,112.6680421885555,0,0,0,1,0,1,residential_area
898d85d0b67ffff,-7.991624582778181,112.63110896222918,0,18,2,6,1,0,school_area
898d85d561bffff,-8.003037953685162,112.61933314073762,1,7,0,7,0,4,school_area
898d85c2287ffff,-7.950474147068272,112.63635725177431,0,3,0,9,0,1,worship_area
898d85c04a7ffff,-7.935949480499338,112.61412348386447,1,3,1,2,0,6,residential_area
898d85c244bffff,-7.967645878379767,112.64964653780842,0,2,0,6,1,4,residential_area
898d85c2ed7ffff,-7.958167725325405,112.60154120153561,2,3,0,9,1,2,campus_area
898d85c260fffff,-7.95481331030063,112.6484172091324,0,3,0,2,0,0,school_area
898d85d09a3ffff,-8.024886442371143,112.62571945316954,0,1,0,1,0,2,residential_area
898d85d08cbffff,-8.009314229344604,112.66037807780526,0,0,0,0,1,1,residential_area
898d85d50dbffff,-8.009496795731996,112.60646817389018,0,2,0,0,0,6,residential_area
898d85d0a8fffff,-7.996488865478695,112.65914951687508,0,1,0,6,0,0,worship_area
898d85d7243ffff,-8.03187269445899,112.6288409621391,0,2,0,2,0,2,residential_area
898d85c20cfffff,-7.961272363572485,112.63555352061219,0,7,0,8,0,0,school_area
898d85c2b5bffff,-7.939296708249492,112.5672279032237,0,0,0,0,0,1,residential_area
898d85d0e17ffff,-8.00869314639408,112.67134550147355,0,0,0,0,0,1,residential_area
898d85d5627ffff,-8.004542338724661,112.60537955537463,0,1,0,1,0,10,residential_area
898d85c2293ffff,-7.95162579749634,112.64137063305284,0,1,0,11,1,0,worship_area
898d85c04b3ffff,-7.937102111352983,112.61913837312038,0,4,0,5,0,3,residential_area
898d85c2523ffff,-7.983217921110624,112.61497972313337,2,13,1,10,0,2,school_area
898d85c2457ffff,-7.973486105768992,112.64775494447566,0,0,1,7,0,0,worship_area
898d85d1b33ffff,-7.9524259944449325,112.66534583784892,0,1,0,0,1,5,residential_area
898d85c261bffff,-7.955964569599264,112.65342983085097,0,2,0,3,0,2,residential_area
898d85c30a7ffff,-7.923567218308983,112.65584268616286,0,2,0,1,0,3,residential_area
898d85d08d7ffff,-8.015151781750072,112.65848675358262,0,0,0,0,0,1,residential_area
898d85d0a9bffff,-7.997638268650181,112.6641608325215,0,0,0,5,0,0,worship_area
898d85d52abffff,-7.993481764886668,112.59818733580087,0,1,0,3,0,6,residential_area
898d85d724fffff,-8.02983903011992,112.6268074288513,0,1,0,2,0,3,residential_area
898d85c20dbffff,-7.962423598326926,112.64056676782836,3,13,0,12,1,0,school_area
898d85d0e23ffff,-8.00551040398431,112.66430214432579,0,0,0,1,0,0,worship_area
898d85d5633ffff,-8.005692396996999,112.61039379941153,0,2,0,6,0,5,residential_area
898d85d196fffff,-7.962071603161121,112.6595294520224,0,1,0,0,0,3,residential_area
898d85c2463ffff,-7.970299954377506,112.64070874911435,0,1,0,5,3,0,public_area
898d85d1c37ffff,-7.981801619361453,112.69082305634267,0,2,0,1,0,0,school_area
898d85c2627ffff,-7.957467161673911,112.63947893361171,3,6,0,10,1,0,campus_area
898d85c30b3ffff,-7.924719588715146,112.66085540482875,0,2,0,0,0,1,school_area
898d85d0aa7ffff,-7.999143495340594,112.6502134021843,0,2,0,6,0,2,residential_area
898d85c219bffff,-7.975341666087854,112.61483703580097,1,10,0,11,5,0,school_area
898d85d725bffff,-8.030987691308757,112.631820031912,0,2,0,2,0,3,residential_area
898d85d0c6bffff,-8.016300452573795,112.66349779614907,0,0,0,0,0,1,residential_area
898d85d0e2fffff,-8.003476391604844,112.66226943745258,0,0,0,5,0,0,worship_area
898d85c2a63ffff,-7.933721612757131,112.5771188464782,0,0,0,0,0,4,residential_area
898d85c22abffff,-7.946401372767678,112.63228943919867,2,5,0,0,0,4,residential_area
898d85c04cbffff,-7.925684169215537,112.63091679148685,0,2,0,1,0,2,residential_area
898d85c246fffff,-7.968264365097098,112.63867513573021,0,8,0,8,2,0,school_area
898d85c2633ffff,-7.958618476987324,112.64449202055475,2,4,0,5,1,0,campus_area
898d85d0ab3ffff,-8.000292954862193,112.65522518314103,0,0,0,8,0,0,worship_area
898d85d0b5bffff,-7.990120269777131,112.64505947249938,0,11,1,12,0,0,school_area
898d85d52c3ffff,-7.9899428944846465,112.6101081844975,0,3,0,7,0,4,residential_area
898d85d0e3bffff,-8.004625459424387,112.66728045876265,0,0,0,1,0,1,residential_area
898d85d564bffff,-7.994278923438134,112.62217029281686,1,9,1,4,1,0,school_area
898d85c22b7ffff,-7.952243276212237,112.63039770108142,1,3,0,6,0,2,school_area
898d85d0997ffff,-8.028069054000472,112.63276564858509,0,1,0,3,0,2,residential_area
898d85c04d7ffff,-7.931527294649228,112.62902492230717,0,2,0,3,1,5,residential_area
898d85c247bffff,-7.969415264720045,112.6436880886352,0,1,1,9,1,0,worship_area
898d85c26dbffff,-7.956231033247431,112.66142110924578,0,3,0,0,0,12,residential_area
898d85d52cfffff,-7.987907498926729,112.60807383760483,0,2,1,11,0,5,residential_area
898d85d7273ffff,-8.033642693083136,112.62288259303644,0,0,0,0,0,1,residential_area
898d85d5657ffff,-8.000118348318136,112.62027884921694,0,4,1,6,0,2,school_area
898d85c22c3ffff,-7.942863217821669,112.64420824874516,0,2,0,4,1,0,school_area
898d85c2517ffff,-7.98640398456798,112.62202780975932,3,9,1,10,0,0,school_area
898d85c2487ffff,-7.985165705947154,112.64397186420285,0,2,0,11,0,0,worship_area
898d85c264bffff,-7.947202841233437,112.65626739370047,0,3,0,3,0,0,school_area
898d85d0907ffff,-8.019048584460705,112.62761073763828,0,0,0,1,0,3,residential_area
898d85d1b27ffff,-7.951274809744017,112.66033383672058,0,3,0,0,1,10,residential_area
898d85c0573ffff,-7.9295688738447385,112.60002292506157,3,2,0,3,0,2,campus_area
898d85d0acbffff,-7.9888805497015625,112.66699799153346,0,2,0,0,0,0,school_area
898d85d52dbffff,-7.989058170689073,112.61308820554291,0,6,0,9,0,1,school_area
898d85c210bffff,-7.966313180995989,112.6096797044456,4,3,0,7,1,1,campus_area
898d85c2353ffff,-7.944097190586389,112.62226116327412,0,2,0,4,1,1,school_area
898d85d5663ffff,-7.99693324196728,112.6132309347787,0,7,0,9,0,0,school_area
898d85c22cfffff,-7.940826743802815,112.64217454910667,0,11,1,5,1,0,school_area
898d85d1963ffff,-7.964107077831761,112.66156251631259,0,0,0,1,0,1,residential_area
898d85c2493ffff,-7.986315835968908,112.64898423375445,0,7,0,10,0,0,school_area
898d85c2657ffff,-7.95304406457432,112.6543756762712,0,2,0,1,0,2,residential_area
898d85c2c1bffff,-7.974541476557978,112.59085068864677,0,0,0,0,0,1,residential_area
898d85d0913ffff,-8.02019766107218,112.63262347475093,0,5,0,1,0,1,school_area
898d85c218fffff,-7.974190479859034,112.60982253882118,2,9,0,10,4,4,school_area
898d85d0ad7ffff,-7.994719100254591,112.66510654333807,0,2,0,1,0,0,school_area
898d85d0d13ffff,-8.03443285311516,112.64685601338988,1,4,0,0,0,1,school_area
898d85c2117ffff,-7.972154540234062,112.60778807736463,4,12,0,9,2,6,school_area
898d85c2a57ffff,-7.93691261718084,112.5841713158506,0,1,0,2,0,9,residential_area
898d85d566fffff,-7.994898134845634,112.61119672349447,0,3,0,7,0,2,worship_area
898d85c22dbffff,-7.9419786733995545,112.64718775957923,0,1,0,3,0,1,residential_area
898d85c2663ffff,-7.949856621823762,112.64732956725685,0,2,0,4,1,0,school_area
898d85d0ca7ffff,-8.03381080129758,112.65782406785374,0,0,0,2,0,0,worship_area
898d85d0b4fffff,-7.988970220213199,112.64004694266015,0,2,1,13,0,0,worship_area
898d85c2123ffff,-7.968966940346796,112.60073844383649,0,6,0,6,0,3,school_area
898d85d567bffff,-7.9960484715971525,112.61621079728346,0,4,1,10,0,0,worship_area
898d85c0507ffff,-7.935412592934436,112.59813106127186,2,0,0,3,0,0,campus_area
898d85c24abffff,-7.981095546773701,112.63990495186731,0,5,0,11,0,3,worship_area
898d85c266fffff,-7.9478204360981,112.64529600330458,0,0,0,4,1,0,worship_area
898d85d092bffff,-8.01498023568087,112.62354335670459,0,0,0,2,0,2,residential_area
898d85d098bffff,-8.02223156495995,112.63465690854537,0,5,0,1,0,0,school_area
898d85c26cfffff,-7.955079929219359,112.65640894763358,0,1,0,2,0,10,residential_area
898d85d0cb3ffff,-8.034958739848248,112.6628348373685,0,1,4,2,0,0,commercial_area
898d85d54c3ffff,-8.024622362260379,112.61772694142877,0,0,0,1,0,0,worship_area
898d85c212fffff,-7.9669306797215125,112.59870369010022,0,4,0,2,1,2,school_area
898d85d0e77ffff,-8.001706532857108,112.66822614654787,0,0,0,1,0,0,worship_area
898d85d5687ffff,-8.011796341315245,112.61649606858705,0,2,0,1,0,1,school_area
898d85d1903ffff,-7.971097644965282,112.664682636668,1,1,0,4,0,0,campus_area
898d85c0513ffff,-7.936565534102254,112.60314686929203,5,4,0,9,0,2,campus_area
898d85c24b7ffff,-7.986935260310928,112.63801343670194,0,4,1,16,0,1,worship_area
898d85c267bffff,-7.948972030562825,112.65030891939955,0,2,0,4,1,0,school_area
898d85c250bffff,-7.980563818472216,112.6239193384675,2,11,1,21,0,0,school_area
898d85c3107ffff,-7.923030915211176,112.63985674670026,0,0,0,0,0,3,residential_area
898d85d0937ffff,-8.020818434763905,112.62165204409315,0,2,0,4,0,3,residential_area
898d85c0567ffff,-7.9284155978713216,112.59500682282847,1,0,0,0,0,0,campus_area
898d85c2a03ffff,-7.94071888758812,112.58024403607881,0,1,0,2,1,10,residential_area
898d85d54cfffff,-8.02258827491668,112.61569304455493,0,0,0,0,0,1,residential_area
898d85c213bffff,-7.968082356311798,112.60371894049241,4,11,0,10,0,3,school_area
898d85c2347ffff,-7.9429448946760335,112.61724656829315,1,2,0,3,1,0,campus_area
898d85d5693ffff,-8.012945908823193,112.62150955926,0,0,0,2,0,2,residential_area
898d85d190fffff,-7.969062458728337,112.66264970806276,0,0,0,4,0,0,worship_area
898d85d1957ffff,-7.9672929837058115,112.66860707669348,1,0,0,0,0,0,campus_area
898d85d56dbffff,-8.003302980304817,112.62732608845732,0,4,0,3,0,0,school_area
898d85c24c3ffff,-7.977556540411585,112.65182151485419,0,0,0,8,0,0,worship_area
898d85c2687ffff,-7.964725657912458,112.6505923477725,0,2,0,6,3,8,residential_area
898d85c3113ffff,-7.924183595678907,112.64487038561818,0,0,0,0,0,5,residential_area
898d85c2183ffff,-7.976226317919486,112.61185692895613,1,10,0,12,5,3,school_area
898d85d0943ffff,-8.011440635800271,112.63546045236765,0,2,0,2,0,1,school_area
898d85c284bffff,-7.951521374304212,112.57944181529456,0,0,0,0,1,0,public_area
898d85d0b07ffff,-7.9986138318083135,112.63423051282389,0,7,1,8,0,0,school_area
898d85d0d07ffff,-8.033284602813987,112.64184432423022,0,0,0,1,0,5,residential_area
898d85c2a0fffff,-7.93868133997536,112.57820851194627,0,1,0,2,0,12,residential_area
898d85d54dbffff,-8.02373742710196,112.62070640110505,0,1,0,2,0,0,school_area
898d85c2147ffff,-7.96339239447329,112.61062553131958,0,3,0,5,0,0,school_area
898d85d0b43ffff,-7.991005078496909,112.64208037726905,0,5,0,10,0,0,school_area
898d85d191bffff,-7.970212892219647,112.66766128086331,2,1,1,2,0,0,campus_area
898d85c230bffff,-7.9458661796285215,112.61630067920798,1,0,0,8,1,0,worship_area
898d85c052bffff,-7.9313375921471305,112.59406088137354,1,0,0,0,0,0,campus_area
898d85c24cfffff,-7.9755213738937325,112.64978826534835,0,0,0,7,0,0,worship_area
898d85c2693ffff,-7.965876482728066,112.65560468040262,0,2,0,4,0,5,residential_area
898d85d094fffff,-8.009406374387826,112.63342696838673,0,3,0,6,0,0,school_area
898d85d0b13ffff,-7.999763602561176,112.63924321338035,0,3,1,6,0,4,residential_area
898d85d72c7ffff,-8.039743174206846,112.6289832351256,0,0,0,0,0,2,residential_area
898d85c2a1bffff,-7.939834511055491,112.58322539792626,0,1,0,2,2,10,residential_area
898d85c34a7ffff,-7.9378230411650454,112.67007518903917,0,0,0,0,0,1,residential_area
898d85c26c3ffff,-7.9571156922835256,112.6584421476118,0,4,0,1,0,11,residential_area
898d85c2153ffff,-7.964543996074818,112.61564016249936,3,1,1,8,2,0,campus_area
898d85d56abffff,-8.007727146725559,112.61242796044581,0,2,0,6,0,3,residential_area
898d85d1927ffff,-7.971716653940048,112.6537130799037,0,1,0,5,0,2,residential_area
898d85c2317ffff,-7.951708536040504,112.61440892769645,3,4,0,11,2,0,campus_area
898d85c0537ffff,-7.937181367241011,112.59216902516476,0,4,0,1,0,2,school_area
898d85c24dbffff,-7.976671782918595,112.65480046401134,0,3,0,10,0,0,worship_area
898d85d095bffff,-8.010555729600695,112.63843953491141,0,2,0,0,0,5,residential_area
898d85c2a27ffff,-7.941334406286215,112.56926373346576,0,0,0,0,0,1,residential_area
898d85c055bffff,-7.926915779068722,112.60896541716876,0,3,0,2,1,14,residential_area
898d85d0ea7ffff,-8.013381811284253,112.66444344852259,0,0,0,0,0,1,residential_area
898d85d56b7ffff,-8.013566055718998,112.61053659533421,0,0,0,0,0,2,residential_area
898d85d1933ffff,-7.972867143521659,112.65872511816937,0,6,1,10,0,0,school_area
898d85c2323ffff,-7.948519645705766,112.60735937929024,1,6,0,7,1,3,school_area
898d85c0543ffff,-7.927800146292577,112.60598466294059,0,4,0,2,0,6,residential_area
898d85c233bffff,-7.947635159355952,112.61033988908771,2,7,0,9,0,2,school_area
898d85c26abffff,-7.960654305543997,112.64652553433127,0,3,0,4,2,1,school_area
898d85c3137ffff,-7.9247997534442645,112.63389685316176,0,0,0,2,0,2,residential_area
898d85d0967ffff,-8.012061028965721,112.6244890263271,0,0,0,1,0,2,residential_area
898d85d56cfffff,-8.002153134256536,112.62231276820239,0,6,0,4,0,3,school_area
898d85d0b2bffff,-7.994544289184195,112.6301632304733,0,3,2,3,2,0,commercial_area
898d85c2c03ffff,-7.975426064707371,112.58786988823522,0,0,0,0,0,1,residential_area
898d85c2a33ffff,-7.942487633494926,112.57428108331128,0,1,0,0,0,3,residential_area
898d85c2177ffff,-7.965161541912753,112.6046647636179,4,7,1,7,1,2,campus_area
898d85c01c7ffff,-7.9214177851924035,112.59188233599043,0,0,0,1,0,0,worship_area
898d85c216bffff,-7.9593196993172874,112.6065564365443,2,2,1,5,0,8,residential_area
898d85c01d3ffff,-7.922571395936913,112.59689873243748,1,0,0,1,0,0,campus_area
898d85d56c3ffff,-8.00418781857318,112.62434661586516,0,7,0,5,0,3,school_area
898d85c232fffff,-7.94648278873553,112.60532467463308,0,7,0,5,4,5,residential_area
898d85c054fffff,-7.925762559012272,112.60394977935836,0,4,0,1,0,6,residential_area
898d85c26b7ffff,-7.96649501617317,112.6446338949993,0,3,0,10,2,1,worship_area
898d85d0973ffff,-8.013210440740847,112.62950205760741,0,1,0,4,0,0,worship_area
898d85d0b37ffff,-8.000383487962443,112.62827179358698,0,4,0,3,0,0,school_area
